case,angle,budget,epsilon,sigma,stages,risk,noise_risk,noise_lower,total_lower,violation
0,1.0231502685123064,16.16444672101738,0.1,0.3,20,0.12514151954831926,0.12509212543300785,0.11546561898180828,0.11547692394636398,False
1,1.2728045301951951,0.36993502378829546,0.0,0.1,2,0.32798127232195035,0.0031294466678521357,0.003076308062294846,0.23815977978454275,False
2,1.173596465999756,11.811188529223054,1.0,0.3,20,0.10553312935946761,0.10452515907513119,0.10040311730756087,0.10062626816683994,False
3,0.28085274896486384,7.8638077721261075,0.1,0.3,20,0.31938724218653786,0.29124731769926804,0.2858991577316968,0.3127249798616708,False
4,0.6566576513310912,6.0626548221606695,0.0,0.01,1,0.008231057938688292,0.00021542147470166923,0.000184090855571484,0.00018621750465389698,False
5,0.9080277154763794,16.919592531401936,0.0,0.01,20,0.00016378101722070484,0.00016185190714754352,0.00014784744272537662,0.00014784744272588815,False
6,0.997473022116965,8.522559691527729,0.001,0.1,5,0.014703874472482475,0.014039391783507122,0.013063782602494738,0.013071677022167865,False
7,1.2714794767984794,8.002238856571333,0.1,0.01,20,0.0005628312650598638,0.0001230146990515802,0.0001043855549492796,0.0002445077315840272,False
8,0.9646292356641222,4.763271610922896,0.001,0.01,2,0.0030716676351409166,0.0001263922914354392,0.00012604879968052953,0.0003491957318439232,False
9,0.3618550386991348,1.7398355714027878,1.0,0.01,1,0.4483707060162398,0.00010526499665485584,0.00010402351601784586,0.43288245126439867,False
10,0.8833953089720599,10.80805505745435,0.001,0.3,1,0.1838579809497992,0.1815400655831148,0.13646882599192217,0.13647508096107433,False
11,0.4606800895258672,3.556167940553344,1.0,0.3,1,0.4489802434587234,0.1485162634084853,0.14840871995176616,0.448276417767276,False
12,0.4562396883957989,10.824245789744603,0.001,0.1,20,0.03428047787416713,0.033869386261284426,0.03018861026129761,0.030295788130113643,False
13,0.6636740311310522,19.67392528118483,1.0,0.01,2,0.0037484359609202293,0.0002243002472364661,0.00022417424264501844,0.003719936508533254,False
14,0.5825648517320533,15.292981405879674,1.0,0.1,1,0.05975543062341077,0.02849184763071941,0.026001228138378237,0.047767841942929275,False
15,0.5889421799975157,12.677437253401695,0.0,0.01,20,0.00043597130185460626,0.000254351757949129,0.000249491214498811,0.00024949121743144775,False
16,0.8402451977760714,7.447498680692669,0.001,0.1,1,0.06840571887481434,0.02973826387060307,0.01550781144399387,0.015540463215497706,False
17,0.2894798756564876,2.7978286265910803,0.0,0.1,5,0.017755326348180608,0.015016966407329704,0.014999705950589215,0.016660071353161065,False
18,0.23339173310483297,11.4446649903594,1.0,0.3,2,0.6539823342155883,0.3994399973239992,0.38181770829583683,0.6137692953059212,False
19,0.2522021672738341,1.4779666566866463,0.1,0.1,1,0.08022462226545755,0.00937692233680915,0.009373731675686387,0.08004602139965145,False
20,0.835771869469174,2.104246670068199,0.001,0.1,5,0.026657761278132353,0.01038499498907687,0.01015707891176842,0.01699815055135061,False
21,0.3158963828310262,4.20066776838988,0.1,0.01,1,0.041201968323635506,0.0002071074467191656,0.00020018658047565708,0.03465116734782047,False
22,0.8311600299245807,0.6420764630489617,0.1,0.3,20,0.25123797597872805,0.04335375093327345,0.043269136769651426,0.20544854990580563,False
23,0.6169153136445877,6.613412716255349,0.001,0.1,2,0.020869875070333888,0.020166947267649,0.019927336885267304,0.02004308569256516,False
24,0.20497302873825918,1.3903894713694993,0.0,0.3,1,0.1146279937915157,0.08147675861860124,0.08093247818017688,0.11025082750507206,False
25,0.3882144034166495,7.359274268886608,0.001,0.1,20,0.028424050556547512,0.027738521018569676,0.02741636167165137,0.02763204658226005,False
26,1.095326952688757,10.266727235948371,0.001,0.01,5,0.00038943260432206444,0.00014834312091505087,0.00011904024128849503,0.00012041241869469922,False
27,1.3187660706192654,11.973975890650708,1.0,0.01,5,0.0002448497915605877,0.00015088319624736679,0.00010201446420854392,0.0001407955239327393,False
28,0.8399890857896091,12.651780605042225,0.1,0.3,5,0.15744015475723938,0.156724556930027,0.14606640372804938,0.14651522420316726,False
29,1.3623061691167644,14.279233310176638,0.0,0.3,20,0.1331480535349228,0.13311025923013076,0.09010723627668539,0.0901072362767971,False
30,1.0558655096367693,9.486584776242406,0.0,0.01,5,0.0013265895940533744,0.00012516908056077583,0.00012344019191400544,0.0001234421608350761,False
31,1.076157091650342,2.1392430097283928,1.0,0.01,2,0.28480976234663963,0.00010973197655765796,9.377332161313285e-05,0.16887449602662463,False
32,1.1757422021887929,15.207696506939174,0.001,0.01,1,0.0021881566012590453,0.000208193313042985,0.00011140696693604916,0.00011143071208990303,False
33,0.9122462491515142,6.167965134806997,0.0,0.3,2,0.1275613161935695,0.12685355702651344,0.12487027221939129,0.12487198773640755,False
34,1.2273606316289534,0.3183149252896508,0.001,0.01,20,0.32902829036127773,2.7270895458235276e-05,2.7146613521582927e-05,0.2614776931832263,False
35,0.8231070358261734,8.624684906636093,1.0,0.3,1,0.19475788128273014,0.16040407102905596,0.14554466372705155,0.16794925198055022,False
36,0.5551017983397056,1.9954854718092947,0.0,0.1,5,0.025218287629319158,0.011223803808329236,0.010887602895444198,0.019419551151769483,False
37,0.997473183966701,2.2966148769634422,0.1,0.01,20,0.02935889445818892,0.00010002117210542859,9.920032459488649e-05,0.029248687630271733,False
38,0.37845752049454007,4.3080645200946055,0.1,0.01,5,0.03306420644453835,0.00020212527802722848,0.00019668102440760195,0.03132664260435479,False
39,0.32927113215608844,16.44585416763567,0.001,0.1,5,0.04660238767102377,0.0464676324960094,0.044444831340681966,0.044551879016722286,False
40,1.3992398944886961,3.325143929752576,1.0,0.01,1,0.05681661217554423,0.00010119199373276136,9.488426722191683e-05,0.036793789148657614,False
41,1.1316132727095785,9.580468988165002,0.0,0.3,1,0.30023619422932185,0.2642154061910219,0.1037045461851582,0.10370454781089629,False
42,0.8418246500627939,15.070262878525087,0.1,0.3,20,0.1748909882922498,0.17456675208991945,0.14630003767864794,0.14647862046088628,False
43,0.2702625284286181,6.726223110700264,0.001,0.3,5,0.26324033735192587,0.2613022097675453,0.25921293590248184,0.2595129240740169,False
44,1.3456861011894028,8.450767152676129,0.0,0.1,2,0.010335656183836014,0.010241196068978178,0.010073465693819806,0.010073481983856334,False
45,0.30958459883919937,17.406900651052755,0.0,0.01,2,0.0005265837575780705,0.000491276132970836,0.0004718153808302221,0.0004718153808304114,False
46,1.0821309555267908,10.10246999901129,0.0,0.1,20,0.013036060658886395,0.01290898472215982,0.012048405241645459,0.012048405802148762,False
47,1.130516135744452,11.578243522447302,1.0,0.1,2,0.012159158027387523,0.011717604462016362,0.011549398953251926,0.011959173712995343,False
48,0.22943860051448262,1.9630420670647548,1.0,0.1,2,0.46256023068358343,0.011671305002876792,0.011639370332910237,0.4602995274192534,False
49,0.9586445151577843,4.888009486854166,0.001,0.3,5,0.11778823643007372,0.11659194569510968,0.11461415161293202,0.11481014933795644,False
50,0.7723059653120186,18.308345159838368,0.0,0.3,5,0.16750279413950156,0.16746162093331066,0.1642701744931256,0.16427017449312561,False
51,1.137045590859933,2.0960857139766604,0.0,0.3,2,0.12160940304051657,0.08708530590571245,0.08217619584984436,0.08912516442360226,False
52,1.379059383516877,12.970139008638768,0.0,0.3,1,0.31450341227870604,0.28494373669398576,0.08954406136254986,0.08954406136416398,False
53,0.5107278259918824,8.963074952077859,1.0,0.01,1,0.1384234111480354,0.00027796381254487556,0.00025804672905591254,0.11156570030291761,False
54,0.4921419567218314,9.728717909256565,0.001,0.01,1,0.013057648475086312,0.00038318888135954586,0.00027382747495441394,0.00038062319289620706,False
55,1.045864094574262,8.477046758966905,0.0,0.1,20,0.013113341035174881,0.012944661253369207,0.012427087449884933,0.012427102889602746,False
56,0.7554443992931035,11.439594167178273,1.0,0.01,20,0.01826620161570438,0.0001921720605470244,0.00018400670641074694,0.014268528698320331,False
57,0.6740533201427207,6.833642230706548,0.1,0.01,5,0.023533591636460974,0.0002044503991474981,0.00018773481466476417,0.00872446200728773,False
58,1.2261814605593593,14.670820075469248,0.001,0.01,2,0.0005810230290734252,0.0001240255277308133,0.00010749469871858471,0.00010751232468344804,False
59,1.2014526828805427,6.00083873985302,0.0,0.3,1,0.10300433945075096,0.10200518052375546,0.09726027619731513,0.0972626886702805,False
60,1.2863035105460148,3.365881729444268,0.0,0.1,5,0.025628988977024793,0.010034084508363777,0.009815118158311313,0.010336229980861473,False
61,0.8772279655906245,8.227232315727234,0.1,0.3,2,0.20570682314143943,0.20040204073025852,0.13494107272845518,0.13679169036366626,False
62,1.1451311813989289,9.176848095158272,1.0,0.1,5,0.023423700559531975,0.012314880413543703,0.01138961070850068,0.012974575868319816,False
63,0.33597662120053773,4.6869753461379995,1.0,0.3,2,0.5670851577591096,0.19897827527595693,0.19255781077245837,0.5115663757737494,False
64,1.217251493051427,0.5965883177731729,1.0,0.3,20,0.5905214762050304,0.0402712637191329,0.04024863215206128,0.5894613041056121,False
65,0.2750205266163019,5.428627221294189,0.001,0.3,1,0.2236640299584997,0.2229397133965807,0.22184009144930983,0.22217774213245178,False
66,0.6569660552406751,18.44962341939879,0.0,0.3,5,0.22554400330630853,0.22545507539484932,0.20404356462197712,0.20404356462197715,False
67,0.25270671072410594,18.732187112137684,0.001,0.3,2,0.48615876377513606,0.4860018717127748,0.4859862222838852,0.4861165916609641,False
68,1.3333334321772965,13.324591622928505,0.0,0.3,1,0.14639673772731687,0.14531844783098152,0.09120342863563859,0.09120342863642185,False
69,0.7805399252578555,16.689379838996988,0.0,0.1,2,0.023838537474247176,0.023837092959472415,0.017970222742653905,0.017970222742654723,False
70,0.8121507542696842,15.408788172406856,0.0,0.3,1,0.41899722201036,0.4012585407791095,0.15329822632333284,0.153298226323344,False
71,0.4330564831744547,12.877688193096713,1.0,0.01,2,0.13268458605477698,0.00036324507285543327,0.0003347969009412008,0.09132274073156615,False
72,0.8961000320175567,11.975725223849857,0.0,0.01,2,0.0004930378070005544,0.000190387579078149,0.00014958700718617707,0.0001495870194590881,False
73,0.6344415777465617,12.319559267421988,0.1,0.3,20,0.24823554567841133,0.23995448321856827,0.205543978935812,0.2083224174885376,False
74,0.42890284329463263,13.615510778115027,0.001,0.01,1,0.005142649427531292,0.0004413751581653603,0.0003438520466611826,0.00042835020842191295,False
75,0.4528023765267587,0.4793041470684961,0.1,0.01,20,0.24415964205824287,3.8781938991177083e-05,3.87797899809602e-05,0.20691855288065353,False
76,0.2861652776823064,9.379608250858096,1.0,0.3,20,0.5731873210774394,0.325116369222266,0.31858765480655293,0.5532122499325023,False
77,0.723961532039205,7.296992175505586,1.0,0.1,2,0.08740002468124153,0.01914133834251483,0.017928283999967716,0.07782194059077113,False
78,0.31903733976937537,12.016248475919852,0.0,0.01,1,0.0029274856528600677,0.000434475013566602,0.00039146062059427914,0.000391460631893424,False
79,0.9706940752751558,14.589502215418515,0.1,0.3,5,0.17891492850872193,0.17870344100982263,0.122632322610196,0.12268102755135482,False
80,0.7321176458488787,7.525539454142972,1.0,0.3,1,0.21511765398149132,0.16102175740350805,0.160787260228268,0.214586540894281,False
81,0.20492302858369957,0.6004045468352683,0.1,0.01,2,0.1973085073985644,4.691432759673955e-05,4.6873800652354146e-05,0.16940947806089754,False
82,1.244295171552564,18.699092010742262,1.0,0.3,20,0.11100866964785973,0.11100556879625754,0.09563388884828435,0.09563460971016613,False
83,1.001429871560244,3.0695636984957653,0.001,0.3,1,0.10596829698557086,0.10015100194599633,0.09880473651052521,0.10010365422845305,False
84,0.7399055861897821,17.86124937734053,0.1,0.3,1,0.2866128809999168,0.2821307873400669,0.1738867870974061,0.17411612283720013,False
85,0.28484288549578707,5.636169243734092,0.1,0.01,1,0.041087728858112,0.0002668513455936008,0.0002516678159476412,0.0320582004694696,False
86,1.099939162940959,17.109253172312194,1.0,0.01,1,0.00014820734943767435,0.00012046553137577507,0.00011874463752736234,0.00014072960144689335,False
87,0.924407261565849,2.5872825901251058,0.0,0.1,20,0.018162896878849723,0.010804643482797516,0.0107433650131318,0.0132945338321816,False
88,0.6974643366733,12.866443983873538,0.001,0.01,2,0.0054670063330719745,0.0002850261980625927,0.00020506131435736493,0.00021987118888363091,False
89,1.181199577881368,16.093220942495233,1.0,0.1,5,0.011926996228811482,0.01177574981947654,0.011095039802139389,0.011107196397772492,False
90,0.6939955038812338,17.417178768587775,0.0,0.01,1,0.0022922597577240446,0.00031999943309158826,0.00021030544129528424,0.0002103054412954696,False
91,0.3040488165959625,11.208356337894177,0.001,0.01,1,0.004525853882074819,0.00043828833422930884,0.00038495172448160337,0.0005759322012343326,False
92,1.0375894913828865,3.839013891093135,0.0,0.1,1,0.09490810244648527,0.018337305141305386,0.011403367621174857,0.011601864830174726,False
93,0.9434120660209422,19.838834228377085,1.0,0.01,5,0.0006200018411506331,0.00022938365628591097,0.00014109942847392434,0.00020364840569535842,False
94,1.055870393745518,0.45210524304902844,1.0,0.3,5,0.6733800277615318,0.032732524783597325,0.03269982092868439,0.6731362558137101,False
95,0.5414040265460748,10.724909850273429,0.1,0.1,2,0.03425982927658035,0.026159781716617456,0.02611856932145177,0.033141735904823284,False
96,0.630982514413158,17.844774508303143,1.0,0.01,1,0.20833519550565505,0.0006183751578877619,0.0002386802789407895,0.00812220424332472,False
97,0.28991495225087555,16.151212463603883,0.1,0.01,5,0.01970458056182486,0.000548279902667258,0.0004733678025861744,0.013829227318156171,False
98,0.9469860496465514,11.901599062348135,0.1,0.1,20,0.01688938474944883,0.016437563956659268,0.013998367367157576,0.014218499885967703,False
99,0.5264483771493207,13.935659545514127,1.0,0.3,1,0.31326990616389644,0.2653397655355323,0.2579150992501591,0.301306133877713,False
100,0.7583695718563013,19.256484122907104,0.0,0.01,2,0.0004398034702540431,0.0001899026719088574,0.0001871513500235075,0.00018715135002351184,False
101,0.7731869836600549,0.33316059653871244,0.001,0.1,20,0.2818598324890866,0.0028403655907936025,0.0028401600818264124,0.2564913313904147,False
102,0.8855794579017116,18.407814771943883,0.001,0.1,5,0.022882861297301126,0.022539079382652462,0.015262313823322722,0.015262591777138249,False
103,0.33169070178126303,18.672850982393243,0.1,0.01,5,0.011948027957532524,0.00048633703769234896,0.0004636502733170524,0.009025449293500454,False
104,1.268526770260478,15.682192763411994,0.1,0.01,20,0.00011143975098946502,0.00010616389928954622,0.00010473443020453486,0.00010517467405452343,False
105,0.942321755926733,8.258834951628945,0.1,0.1,5,0.04224614061907546,0.026797885861196833,0.013866827618327205,0.015062734221260518,False
106,1.1937988433552305,11.15074000470803,0.1,0.3,20,0.10820246217648662,0.10815842166977396,0.09889720317116531,0.09892515972784575,False
107,1.3908819464478632,6.107818579088267,1.0,0.1,20,0.013744339586631783,0.009979100002311392,0.009876148741867445,0.012768119018347467,False
108,0.8086559459447407,19.172128425788127,1.0,0.3,5,0.4282691189242084,0.41374271921362743,0.15459098383228992,0.1552056959640351,False
109,0.707300059051194,8.636736907450187,1.0,0.1,1,0.22177427018141604,0.030300533968767755,0.01904940790638071,0.06363236752968104,False
110,0.4510032068595909,17.21153740404661,0.1,0.1,20,0.045287956813601836,0.03888358627038801,0.03508448881372569,0.03957777739313421,False
111,1.0113657421660507,12.779386554919498,0.0,0.1,5,0.01585050462250115,0.013868353138816495,0.012986118714473005,0.012986118716854969,False
112,1.1976180592465553,12.252574258236963,0.001,0.1,2,0.028664443783475334,0.028600470071547507,0.010960672002930731,0.01096081610542504,False
113,1.0260640079045644,16.724748438494874,1.0,0.01,2,0.0008007665183761172,0.00016926172211602464,0.00012789316079816248,0.00020895469529500963,False
114,0.42290451571720494,11.403878127333055,0.1,0.1,1,0.049579658784777145,0.03466654998753369,0.03253664342599497,0.04413884312241443,False
115,0.2415740133650831,15.375963579846088,0.001,0.01,20,0.0010624962930310003,0.0005130597055227347,0.000498570220208462,0.0006715356815912286,False
116,0.8535138872450068,11.299638369151452,0.1,0.3,5,0.22891506701203304,0.22512120723721124,0.14255179351675099,0.14321418234252958,False
117,0.5655931795991515,10.798819430628999,0.1,0.1,20,0.03387789001003913,0.026382168812698545,0.02511323113137274,0.031153082611020896,False
118,0.732641658470518,18.11470756368926,1.0,0.1,2,0.05556948864590385,0.03497044274486732,0.01958366197727892,0.02190459652359056,False
119,1.0448183485355678,14.138769569723738,0.001,0.1,5,0.01594549733104513,0.015406076207178576,0.012532493656648453,0.012532742599315083,False
120,1.2452024213293245,17.8890456266682,0.1,0.3,5,0.22307210737754504,0.22296588268080758,0.095580053322389,0.0955801804548894,False
121,0.25809677521984004,19.889707769514338,1.0,0.01,5,0.12672491472062924,0.0005787458283173562,0.0005490048201927356,0.1173209836239251,False
122,0.8792256928692068,2.3905659641026924,0.1,0.1,5,0.0471201253589011,0.011129743197704501,0.010604493611628922,0.038778078493657664,False
123,0.7028680948209298,19.899369296623057,1.0,0.01,20,0.003422681004073471,0.00023144547529816104,0.00020750283491254438,0.0022259147155980572,False
124,0.9400149383832634,7.099663761719625,0.001,0.1,5,0.014993115886551028,0.014956181419651337,0.013719156666765285,0.013744329021606227,False
125,1.1705660632559918,12.002420698740524,0.0,0.01,5,0.00022895660730928505,0.00019208098189572187,0.00011182212563786762,0.00011182213726028436,False
126,0.330006184016455,14.2719104616664,0.0,0.3,2,0.3928522662018723,0.3928283828739862,0.3763049379806819,0.3763049379807953,False
127,1.0774247734219844,14.965872348607927,0.1,0.1,2,0.025095985235628077,0.01822172937775411,0.012129201517968894,0.012139614838726604,False
128,0.4329145006075405,0.6977884064539978,0.1,0.1,20,0.17928444129859814,0.005240524666429174,0.005240413754147637,0.15829012669101078,False
129,1.1365936089765996,10.915689542366382,0.1,0.01,1,0.00022262163377342376,0.00011824056002962157,0.00011487154107894964,0.0001728793942802267,False
130,0.5646958192836463,13.515828232483125,0.0,0.3,20,0.25693405156809646,0.256887225715186,0.2378869003045721,0.23788690030510234,False
131,0.9553944601362956,14.576783512924912,1.0,0.3,1,0.1429603034958304,0.14129151472102752,0.12496237117092034,0.12555082117324795,False
132,0.21802936288576658,3.9855858078274746,0.001,0.3,1,0.18596552859699472,0.18348825570191182,0.18071305917390265,0.1812627522663575,False
133,1.14503022409691,1.9949854298602114,0.001,0.3,1,0.10964828287424838,0.08081227023629373,0.08048994854861634,0.08903914521888248,False
134,0.3570090567540437,4.512144427050124,0.1,0.1,1,0.059365948819667856,0.021359024104879533,0.02057089349331339,0.052044684771569094,False
135,0.8043102141376244,9.575457217411698,0.1,0.3,2,0.17023930880490915,0.16148430015068774,0.15115673306099428,0.15297009223598926,False
136,0.8589979703724959,12.506704192851092,1.0,0.3,5,0.15127264719834668,0.14420441605942763,0.14199302888643595,0.14595591068864727,False
137,0.21049477947221518,15.780609968116403,0.1,0.01,2,0.022493497081822095,0.0005423793103248405,0.0005278328475145329,0.0193020314584386,False
138,0.8745039684322451,2.919382522490222,0.1,0.01,1,0.03419343506822131,0.000124182975634308,0.0001157751992998998,0.019423171058854848,False
139,0.25889665656604993,0.38683685742835094,1.0,0.1,20,0.7193706593876349,0.00325239204773626,0.003252206642310965,0.719331642829264,False
140,0.7504859107196338,17.747952966349132,0.001,0.01,2,0.00034609767086528955,0.00032066661100582915,0.00018954976024450852,0.00019163907619950259,False
141,1.3621182579572164,10.111636037513804,0.1,0.1,2,0.01614808861465598,0.01603851421291664,0.010011355144915716,0.010024029229718887,False
142,0.6221062530373627,4.109050362332921,0.001,0.1,20,0.01916695931314893,0.016465918951238025,0.01604916023495302,0.016489796853541638,False
143,0.6357745240443312,17.863734298471133,1.0,0.1,5,0.052085710327776896,0.03160748818787496,0.023635154606487033,0.031096232192557548,False
144,0.4442131676588109,6.0019860005129,0.0,0.01,1,0.0005618720697364161,0.00023166945944768017,0.00023029366031856446,0.00023270049370591108,False
145,0.3486905939752929,12.76101248642566,0.1,0.01,2,0.015191409203921327,0.00039197413022679605,0.0003853667453388524,0.014309677091118833,False
146,0.3253361171456151,12.43262746626743,0.1,0.1,20,0.05648565358526573,0.040076625487481615,0.039462618101430036,0.055302705303441106,False
147,1.156820761824424,12.319043673190567,1.0,0.01,1,0.09442173046169439,0.00032508509374304064,0.00011303854095308453,0.0003066726862096514,False
148,0.9422863681709188,3.8053702750513496,1.0,0.3,1,0.20382071680622788,0.11019090889000827,0.1093097723247153,0.19983988264107344,False
149,0.5981711291708366,13.092491746378847,0.001,0.1,5,0.03050428280526458,0.029186469960057096,0.0246560869232871,0.02468658363296312,False
150,1.1698563179156078,6.872019290532894,0.0,0.3,5,0.10331333520291504,0.1029244297334965,0.09992467927461554,0.09992508724692524,False
151,1.3385478964199815,12.93519595805726,0.001,0.01,1,0.00011219422413596992,0.00010606870601728431,0.00010110424367815539,0.000101149701477156,False
152,0.7550145978482852,3.664355775486802,1.0,0.3,2,0.34833442192230807,0.13587814763026748,0.12370201476173245,0.28400812399292674,False
153,1.0822351561441708,9.40933365108234,0.1,0.01,20,0.0006818327155680304,0.00012395687783538808,0.00012033892589739823,0.0003535292966095519,False
154,0.9004150083113225,0.8626075880577726,0.0,0.1,2,0.1262412140566339,0.0059128820018061155,0.005911667599394407,0.09195823393961305,False
155,1.1880055126495173,19.10488934283434,1.0,0.3,20,0.11290303121578324,0.11289625720151125,0.09935339539049774,0.09935487113215102,False
156,0.9520104846907329,14.775992614890658,1.0,0.1,2,0.018901092092062494,0.014711246533493868,0.013944843732624794,0.014503813123634064,False
157,0.5235589560162823,9.093350977510614,0.1,0.01,5,0.013195757655324845,0.0002737150416277804,0.0002545681382993432,0.01053449788051498,False
158,1.329179928571985,19.387330959396454,0.0,0.3,2,0.10383300131837964,0.10383282546764688,0.09137512175370187,0.09137512175370187,False
159,1.08725537651024,8.886995419159303,0.1,0.1,1,0.01284913439642555,0.012351299328749277,0.011964395100202127,0.012266747556539505,False
160,0.954500504569471,7.755901034983332,1.0,0.01,5,0.05862101210711702,0.00019062123492275695,0.00013612325931133923,0.014032621950477556,False
161,1.3563549269127613,10.015605880570007,0.1,0.3,20,0.0971228606147675,0.09707838801924706,0.09030613562638552,0.09032052738264516,False
162,0.3050555102974568,19.29444699666788,0.1,0.01,1,0.010010517754163404,0.0004957587404015276,0.0004952855714463292,0.00997757647570325,False
163,0.7616782201481669,15.196986499254614,0.1,0.01,1,0.0017424388985575355,0.0002223141111334985,0.00018512541423859255,0.0005936898820210222,False
164,1.0430983490798558,8.805006418337005,0.0,0.1,5,0.01336637635314819,0.013357619138883397,0.012476946334891988,0.012476954243134433,False
165,0.6914667941285528,7.072706293520355,0.0,0.01,20,0.001153319751296182,0.00018890324166106665,0.00018549388477072444,0.00018576479779279783,False
166,0.22420666546242987,3.3683634252939862,0.1,0.3,2,0.20003448767079018,0.15869475678540934,0.15843171631259878,0.19916020342765953,False
167,1.3261055049083696,17.638588535115286,0.0,0.3,20,0.10754464746685184,0.10754464161151131,0.09150344196972295,0.09150344196972307,False
168,0.6838699020521182,6.020217017199507,1.0,0.01,20,0.10987341818865676,0.00018229292769865576,0.00017799902548956014,0.10168654131459391,False
169,1.1563469087289158,4.846469794554743,0.001,0.3,20,0.10413695831880325,0.1027956990030346,0.09855503770345209,0.09875968834384342,False
170,0.3016749693466785,3.2115071717849584,0.0,0.01,20,0.0010024543570320145,0.00016564106129864352,0.00016551271748562341,0.0008795168477186979,False
171,0.9125528721213214,14.908200778213052,0.0,0.01,5,0.0004485455653861097,0.00015170728304379928,0.00014682266350881314,0.00014682266353977945,False
172,0.9546829288297622,14.240132370966606,0.0,0.1,1,0.015402542628514822,0.015329333633233508,0.013894893755912326,0.013894893756033323,False
173,0.7438245117732301,9.10457006836221,1.0,0.1,1,0.052047979570108205,0.018520619170762073,0.0182251852482584,0.04959252758346076,False
174,0.6327859628270285,12.379920252955836,1.0,0.3,1,0.3398760861129778,0.2686071051785481,0.2063128095830983,0.23404097661154233,False
175,0.37755628793156437,1.4114943428780953,0.0,0.3,1,0.11906595351867598,0.08146078511052018,0.08024466220713575,0.10832752819237913,False
176,0.2318204387833864,1.459302108266798,1.0,0.1,20,0.4901068190886688,0.009308651510272634,0.00930438317800291,0.48938431913976077,False
177,0.4385494790622632,9.918592822936597,0.001,0.1,1,0.032067278616572624,0.031081697667132327,0.029938815700749948,0.030070350226473305,False
178,0.40691438770245614,0.3529943900888006,0.001,0.01,20,0.2510544471076308,3.0019895556381337e-05,3.001820164581401e-05,0.2436230774394367,False
179,1.1031202624545404,16.19751125730516,1.0,0.1,5,0.020067900999870637,0.016984575146582942,0.011839537924938099,0.011875375705546434,False
180,0.7031746911346342,16.338690574412087,0.001,0.3,1,0.44800710936070054,0.4338706428348587,0.18554344164800773,0.18554883631608218,False
181,1.378702958569644,1.539942236095157,0.1,0.3,5,0.1626817433189751,0.0718692601735178,0.06972880514163005,0.13347584867054732,False
182,1.1270814935046853,1.0905042838032255,0.0,0.1,2,0.14939677596913084,0.007071563961713329,0.00669837949561295,0.06075215314854313,False
183,0.5710238231214958,1.9967858996470018,1.0,0.01,5,0.3631917660234547,0.00010938212943969622,0.00010837155437097893,0.34806882248083554,False
184,0.21998613693510205,15.83117931249063,0.1,0.1,2,0.08215812874470252,0.05762419796783996,0.05220877725773309,0.0703330472650819,False
185,0.3363887159851935,2.0714908714460027,1.0,0.3,5,0.5265490027732275,0.10713608574998582,0.10683914122240082,0.5248361575374516,False
186,0.45651544067410504,18.07936729853628,0.0,0.01,1,0.0009498179419088697,0.00038751426882534717,0.0003501653358696348,0.0003501653358696828,False
187,0.7532165119247467,2.717973073372779,0.001,0.1,20,0.016530732459829882,0.012189729084655097,0.011981023922339896,0.013937104036776551,False
188,0.4988545987612756,2.5259908724653406,0.0,0.01,1,0.015538348944061165,0.0001363315532565671,0.00012952786880349166,0.0030204823519819775,False
189,0.9211277231623689,1.474985832925315,0.0,0.01,20,0.04424330310626677,8.23981399332302e-05,8.213992381956682e-05,0.024753350478676227,False
190,1.2267949810238672,6.081454467023949,1.0,0.1,20,0.020912597927077368,0.011827320473723844,0.010645429938488549,0.01772568989403979,False
191,1.0256067179162602,5.92934647974474,0.1,0.01,1,0.05294728162702732,0.00021457777747590647,0.00012361343987628764,0.00244336826306936,False
192,0.7802032917499977,1.0035041598478245,0.001,0.01,1,0.11967875159439414,6.994278818384844e-05,6.635903131366513e-05,0.06468216870682776,False
193,1.3026776324890208,18.679644827715627,1.0,0.01,1,0.00010311520843669217,0.00010285487519064312,0.00010282584435758531,0.00010308357347542726,False
194,1.1828775928302682,1.9938990621589885,0.0,0.1,2,0.07223735708417371,0.010454308770050606,0.008853243754921903,0.01741284847578227,False
195,0.3839817031267776,0.3415509923061144,0.0,0.01,1,0.2565712152535848,2.92206507879129e-05,2.9188241800806854e-05,0.2491266105308694,False
196,0.64380336859671,18.276776894883746,0.1,0.1,5,0.0256521653257059,0.02483139251198102,0.02327703847774083,0.023897235100212556,False
197,0.6257921113134296,1.5439956167150453,0.001,0.3,1,0.11607875050332661,0.08238448234043048,0.08142476454556752,0.10287759388596258,False
198,0.20884027829370924,2.9225703533604035,0.0,0.01,20,0.0015940625169413444,0.00015871430634808417,0.00015841125386504318,0.0014457338794987263,False
199,0.7780242283038867,9.339027903098906,0.1,0.01,2,0.003951560820559687,0.00019421547573635092,0.0001739619038557777,0.00251748599986305,False
200,1.173135081664792,6.187967322376152,0.1,0.1,2,0.017309223247198205,0.013311007677384946,0.011027834365784164,0.011981490977507975,False
201,1.215739923125116,4.16642159781108,0.1,0.3,1,0.2920559607804539,0.17257582729977683,0.09369289089694842,0.09802864009283821,False
202,0.3958621686933642,1.0632556550736234,1.0,0.01,5,0.503638929704588,7.23340863794273e-05,7.229477906579225e-05,0.503468590988619,False
203,1.348561798151017,18.033851795251838,0.0,0.1,20,0.012465677491447866,0.012465597408135264,0.010067571001344833,0.010067571001344885,False
204,0.4044711146989347,11.262955217245706,0.0,0.3,2,0.3041073475381123,0.3039433406458628,0.3000620953676762,0.3000620954202094,False
205,0.7278580115375162,9.460784451192854,0.001,0.3,1,0.21026332164655603,0.20698596624334742,0.16900695868483784,0.16903813182126712,False
206,1.288144134007604,10.41980687451441,1.0,0.3,2,0.10081314751253795,0.10022433769262112,0.09322317900356328,0.09340352404231886,False
207,1.3279581909773746,14.265508798439482,0.001,0.1,5,0.010384984121517308,0.010379559806893954,0.010158365490300329,0.010158376886261929,False
208,0.201913572396343,5.579265177179156,1.0,0.1,2,0.387700072765732,0.02628679658314944,0.0261631912024146,0.383296974203924,False
209,0.6976042210583026,18.74996459033739,0.0,0.01,20,0.00029561506705658017,0.00023174462775842617,0.000209336212528621,0.00020933621252863322,False
210,1.396465415059017,15.377830673694387,0.001,0.1,2,0.011513982802612835,0.011513279869894144,0.009890478458800402,0.009890482042674254,False
211,1.279953021731201,4.895233380360444,0.001,0.3,1,0.10467671187363045,0.10030531104284823,0.09211194780292842,0.09230647854410637,False
212,1.1485848605450957,10.155312733123417,0.1,0.3,20,0.10946371483121065,0.10932715573409563,0.1023240689892287,0.10240734080478514,False
213,0.48817915564353964,12.759241091676174,0.0,0.1,5,0.036890537631922626,0.035284204270617306,0.030173456169498396,0.03017345617198029,False
214,0.39295560779613603,12.134826454836082,0.0,0.01,1,0.0009840815163125547,0.00036398985731921253,0.00035067920412914475,0.0003506792130005035,False
215,0.8362805725118245,10.303314257435042,0.001,0.01,5,0.00032623866673337995,0.00019238144416268725,0.0001614590687431086,0.00017254562581012458,False
216,1.021953738358079,3.829365556914682,0.0,0.1,20,0.01897339788042592,0.011994961035349395,0.011514851440964764,0.011717294294367058,False
217,0.411096605667096,2.593019732078403,1.0,0.1,1,0.3964672045535226,0.013850880675554558,0.013635922730160023,0.3799260475385821,False
218,0.892410693752743,0.6575395750082541,1.0,0.1,5,0.5561025166730442,0.004879839858876443,0.0048763962067871515,0.5531281173957333,False
219,0.294233164981712,18.442627003613318,0.1,0.3,5,0.4694026841440019,0.4570547818656792,0.4474632826348085,0.45828702982912906,False
220,1.386189474918961,6.203962256017011,1.0,0.01,5,0.003656131210151286,0.00011020532891660345,9.893737543443897e-05,0.002814216397833424,False
221,1.294907582405626,18.291925872180602,0.0,0.3,2,0.1259179698383455,0.12561840657632026,0.09291267293109885,0.09291267293109888,False
222,1.308944305679138,3.2056053520844716,1.0,0.3,5,0.14025320921788795,0.09036726095797906,0.08700562071552487,0.13565972355144157,False
223,0.9647731637575316,1.9139033502102145,0.1,0.1,5,0.06493099714764844,0.009416753632475884,0.009272713288669528,0.05247974479116275,False
224,1.179284867645654,7.060086202670269,0.001,0.3,20,0.12453137196372502,0.12318366650387486,0.09934494624208207,0.09936541998573278,False
225,0.91011436676619,8.743332715034997,0.0,0.1,20,0.014820048073662597,0.014726086659882485,0.014469172597086985,0.014469181565600255,False
226,0.4589475964318529,7.5168010801355205,0.1,0.3,1,0.24730820367736683,0.23027757010530497,0.23020265258147107,0.2472078749051269,False
227,0.9532441547479709,10.754853307492583,1.0,0.3,20,0.13047238105570855,0.12653705017901712,0.12473052861196766,0.128245627245882,False
228,0.5942435459720583,9.055560683597673,0.1,0.1,1,0.05936015646885051,0.03135932632001559,0.02283872698342797,0.030208812606773536,False
229,1.0565847097516472,14.87618633641165,0.1,0.3,1,0.5485901812325951,0.47753425840832336,0.11144677584796372,0.11146114925714222,False
230,1.2600335899509156,13.13535515404525,0.1,0.3,1,0.09682907103490059,0.09682183788930021,0.09472370584084518,0.09472695645001843,False
231,1.1529662862681405,6.367479004200651,0.1,0.01,5,0.0014691305868171347,0.00013448385299035084,0.00011202718651631245,0.0010435340276009023,False
232,0.6433372241074689,18.590517287692414,0.0,0.3,5,0.27617581776378936,0.2747177460606322,0.20986300253901854,0.20986300253901857,False
233,1.2229177390317505,15.036341855777573,0.001,0.1,5,0.015941853119860776,0.015865626992869412,0.01077271727179,0.010772731358084703,False
234,1.088367279283396,15.193029570095035,0.1,0.01,20,0.00014357687205639552,0.0001230197690653688,0.00012002781636274243,0.000127933430845639,False
235,0.6714820345426746,5.4337412835085415,0.1,0.01,5,0.014836061628201759,0.0001850876044943953,0.000173803676875979,0.012565503313364132,False
236,0.5654506923696898,0.8576900637958589,0.1,0.01,1,0.14595315125485991,6.107879584798053e-05,6.074259430839572e-05,0.12966233437969804,False
237,0.5997065195418978,14.208827897200305,0.001,0.1,5,0.02957866183470715,0.026885966053259745,0.024884005304055486,0.024907737507511962,False
238,0.7362564287761422,6.603781585458867,0.0,0.3,2,0.18695974286179404,0.17977838507435967,0.15487108485904266,0.15487179000458326,False
239,0.32308052396106085,4.403727201216128,0.001,0.3,2,0.19261989767750753,0.18958544881410008,0.18565532368383034,0.18606792458004331,False
240,0.20248189974124978,17.82304477960589,0.1,0.01,20,0.018505003755662813,0.0005795930126820912,0.0005703496349719705,0.017600494625212543,False
241,0.8660784905346257,11.266138390326136,0.001,0.1,20,0.02517030966106058,0.024549262077583914,0.015557937484584013,0.015563967196882526,False
242,0.5217900540493586,0.872385684885121,1.0,0.3,1,0.5809082903111173,0.05558585971257733,0.055564657268688734,0.5802248903887612,False
243,0.27398884645785837,2.651696433575468,0.0,0.1,20,0.017317186128273317,0.014490918501542969,0.014472207911162993,0.016709234065022966,False
244,0.9843943729941209,16.958011599527286,0.001,0.1,1,0.06356602072328374,0.043883698867142704,0.013410026986568208,0.013410157314478723,False
245,1.2906319623952762,13.948436970619294,1.0,0.3,1,0.0933899377475659,0.09337722544678659,0.09311993735538146,0.09313179968801223,False
246,1.3381543742614725,18.630062128863496,0.0,0.1,5,0.017872289017973508,0.017865053894811498,0.010112331596404272,0.010112331596404288,False
247,0.630660719057183,17.41995055284896,0.001,0.1,1,0.0322578523779273,0.031155594204272885,0.023848564738480182,0.023857295694004552,False
248,0.5975879570539864,3.612113471887949,0.001,0.01,20,0.005597379735748648,0.00015431982899135731,0.00015267905974437483,0.0008914847185194281,False
249,0.5817336228842572,18.488610616279114,1.0,0.1,20,0.04064913053249572,0.027207563403358115,0.02655952562827117,0.03796275553172253,False
250,0.7734360623226229,15.950534176624279,1.0,0.01,1,0.21925266169005303,0.0005672478488539578,0.00018170081453864164,0.0030077808309228976,False
251,0.553255243450308,17.770704540430863,0.001,0.1,1,0.02892071014500949,0.02883812126945571,0.028157698577847817,0.028175033449252897,False
252,0.31534561009837675,11.225281530690951,0.1,0.3,5,0.38541064430088934,0.36455058474514557,0.34157458804545576,0.3599219290253082,False
253,1.1550897922530765,15.016951080023224,0.0,0.1,5,0.01545234562176731,0.015444130819949803,0.011322051797146696,0.0113220517971715,False
254,0.6784852665494663,10.312155318746735,0.1,0.1,2,0.04028571682255526,0.03067909588405162,0.020581934080870695,0.023954405498790105,False
255,0.332410628617159,18.6594917415151,0.001,0.01,1,0.00446489684894081,0.0006098706666184607,0.00046284832896592603,0.0005481999031713595,False
256,1.0719170931979591,2.1206498632898723,0.0,0.3,5,0.1104833756060428,0.08778752601735654,0.08422845481493807,0.09083778541082248,False
257,1.292516512965398,14.573494462322437,0.1,0.01,2,0.0006594080696733767,0.00012814493334556025,0.0001033645250703142,0.00010408347709715253,False
258,0.6249495949243643,14.262490234487263,1.0,0.3,1,0.23450589033600633,0.21483822822608645,0.21331490260219557,0.23239016703683363,False
259,0.6017803243462496,15.230053823029664,0.0,0.1,1,0.03948720854878895,0.036065176918305936,0.024997116154884143,0.024997116154900204,False
260,1.2304604944829853,12.25696782378468,0.1,0.3,2,0.0973764888911035,0.09699491430218109,0.09646633328052313,0.09647506308431249,False
261,1.0641294552620153,18.8044563431299,0.0,0.1,1,0.11344342283934937,0.06349350630176603,0.012291173799156592,0.012291173799156603,False
262,1.3161880348980908,11.901581192137412,0.1,0.01,1,0.00010677397014742922,0.00010222836648858594,0.00010213934854199765,0.00010646404918754933,False
263,0.9578707905807737,11.76733852226589,0.001,0.01,2,0.0005886192530349488,0.0001387645130496753,0.0001380887678415615,0.00014019986467892883,False
264,1.388227445071848,5.4231044878520445,0.001,0.3,2,0.10572771898371103,0.09385349148407891,0.0887112950094273,0.08882364335255517,False
265,0.5706926420697507,16.42718209180429,1.0,0.01,5,0.06052421315694112,0.00034139937785356803,0.000268830064656958,0.01945627220389604,False
266,0.9705973653603246,13.212718255764186,1.0,0.3,5,0.1254581670405874,0.12387857949948745,0.1225614029172748,0.12349941998948182,False
267,1.1925287592434184,11.230993304987273,0.0,0.3,20,0.10322841497914369,0.10322612730651326,0.09898975597788306,0.09898975603395568,False
268,0.7656687361722492,1.0231755685419635,0.0,0.1,5,0.08914555596209682,0.006783941956388916,0.00673557810307804,0.06874770360882491,False
269,0.41631802122679196,19.35404994365864,0.001,0.1,20,0.04192909936396261,0.041493043506083425,0.03890618005812833,0.03895031724892535,False
270,1.1145041614968432,7.843293881934044,0.1,0.1,2,0.013593339421890558,0.012692708801976758,0.011643127469085484,0.012101918705503539,False
271,1.2059619991089823,12.231494346236477,0.0,0.3,5,0.15257203101129274,0.14570994460775005,0.09806713535951644,0.09806713536680005,False
272,0.2689120387241894,18.961133366934465,0.1,0.01,2,0.020004027246469935,0.000587023397067078,0.0005273548238274647,0.012374943810628126,False
273,1.3172439947289614,6.6192615478460555,0.001,0.1,5,0.012382031744327697,0.012307986881894002,0.010174429082936113,0.01020681102451414,False
274,0.719462242292521,5.860265106044899,0.1,0.1,20,0.02732625989264978,0.017515129931882093,0.016945162701270968,0.026214280909813766,False
275,0.34580993775568764,15.975866552707766,1.0,0.01,20,0.11402693155942166,0.0004432874472355212,0.00042595715168917335,0.10292174649068013,False
276,1.2767417549239368,11.121761080457361,1.0,0.3,5,0.11273948573048317,0.11252216933595975,0.09381130379623318,0.093930502638262,False
277,0.43142916030165623,8.944494192562905,0.0,0.1,20,0.02999585254111704,0.02998774282881356,0.02884854586668636,0.028848551816444107,False
278,0.2705363288685714,13.862626726321047,0.0,0.1,1,0.04608370020733977,0.04585629635337933,0.04525316767510124,0.045253167675362596,False
279,0.7677232143086892,11.137473021412802,1.0,0.3,1,0.27702110149813663,0.22382946956921143,0.1620237926558793,0.17610693617889173,False
280,0.598800826299626,11.406380565461484,0.1,0.01,2,0.00795474379574524,0.00029326064877444784,0.00024010420865010557,0.0045945438881404305,False
281,1.106933015796785,6.086950120524559,1.0,0.01,5,0.021703456223704166,0.00013269032061994496,0.0001156973448356905,0.013739554122162217,False
282,0.33518464343425125,5.550934625571539,0.1,0.1,2,0.06523756772909536,0.025469499771038184,0.02405400338096337,0.05346455704046775,False
283,0.909214472945113,16.229749596311287,0.0,0.01,20,0.0001678954864532685,0.0001605621071046974,0.00014757735854921546,0.000147577358551305,False
284,0.5493918324004554,2.8648924489447447,0.1,0.01,20,0.03197843008715762,0.00013791944847660494,0.0001371745041242901,0.03159331219637646,False
285,0.28136212650996195,16.45216914242395,0.0,0.3,2,0.45794240272858827,0.45642429275373214,0.4359652043227215,0.43596520432272284,False
286,1.3857138935557103,2.877298284513509,1.0,0.1,5,0.0946646086324165,0.009879420089228139,0.009307890700557991,0.06667391173741909,False
287,0.7520324786584243,12.899718097348046,0.0,0.3,20,0.18646531819046844,0.18628851616600042,0.1680476022645282,0.16804760226639168,False
288,0.9718193202814049,5.7052019646169505,1.0,0.3,1,0.1946962481112225,0.13352277837293353,0.11630832423947117,0.14940341029774773,False
289,0.6475619084545804,11.720166462821245,0.0,0.1,1,0.06093151997653195,0.04204312401410593,0.022141240446307827,0.022141240466978882,False
290,1.193962041212619,9.522193560668573,1.0,0.01,1,0.005491074427335945,0.00013500883643582473,0.00010979052037674634,0.0009420556252965681,False
291,0.7839511138673345,5.277733277197163,1.0,0.01,1,0.26462255061958295,0.00022067136159297927,0.00015311919024058843,0.08695688253576361,False
292,0.7826874745126449,18.9054161416874,0.1,0.1,2,0.025456845766436566,0.024626522468030695,0.017936486786830557,0.018032307721350442,False
293,0.30793651122809834,7.588414575185273,0.001,0.01,5,0.003544125542779615,0.00032511954862236446,0.00030278040611891595,0.0005612152342427514,False
294,1.2227027307227671,6.920397552361902,0.001,0.3,2,0.10431218805460776,0.10427809540848815,0.09645691364343639,0.09648058863929196,False
295,0.662876970556837,17.126294418779516,1.0,0.1,20,0.03954758991457193,0.025339613897523844,0.022327646383345067,0.029031188757709554,False
296,0.3589816980158246,19.248441091681446,0.0,0.01,1,0.0004645382619904869,0.000443412559354539,0.0004418259342368805,0.0004418259342368849,False
297,0.6394181146413549,11.63313151513935,0.001,0.1,20,0.029272017390252075,0.02897994305580938,0.022433934351801237,0.02246546895576064,False
298,1.0898567849058967,16.92179238848473,1.0,0.3,5,0.16037855423149916,0.15665035879593936,0.10788063156833314,0.10790918934921254,False
299,0.9784178120439695,15.119244511331656,1.0,0.3,5,0.2006704612249724,0.19847587088176072,0.12151614342059651,0.1218599108657611,False
300,0.6658279834079097,6.633467155283625,0.1,0.01,2,0.027969838020592795,0.00023374337135017816,0.00018787591822500458,0.009488739307380409,False
301,1.2616833946463624,19.84851302660367,1.0,0.3,1,0.09469913440408408,0.09469890227262429,0.09463585609768654,0.09463608330457932,False
302,0.6927540457169007,3.6729449040175908,0.001,0.01,5,0.0019993105553861266,0.00016102583474768796,0.00014399612860362135,0.0008375092903460233,False
303,1.0854875912489366,16.612659696443508,0.1,0.01,5,0.0003955354878937838,0.00019047895991972292,0.00012036471377563971,0.00012400518065542286,False
304,0.8823038330461188,2.667133403511057,0.1,0.1,2,0.05854354734167587,0.011789539681953032,0.011107473818370635,0.03383353712132231,False
305,0.35284968562830465,17.074086510599315,0.001,0.1,1,0.06339057564317346,0.058345488067928476,0.04305435491712609,0.04314256665452369,False
306,1.0317787507699234,1.6178490303906572,0.1,0.01,2,0.062061311832303484,8.48064380609472e-05,8.402310866850294e-05,0.05886978852721981,False
307,1.0988876463605368,7.897018360028078,1.0,0.3,2,0.12740005159983933,0.11066406018413288,0.10622216316562577,0.11113746839476446,False
308,0.5437284629320176,12.06281424624202,1.0,0.1,2,0.10003999649788889,0.029241856567610868,0.02683814735717764,0.08102651510336603,False
309,0.3235083221558815,10.050557116535696,0.1,0.1,2,0.06267612252132324,0.03776197691918902,0.03532223042101165,0.055180846062586844,False
310,0.33166489972811497,0.11091130532537,0.0,0.01,2,0.40120699874880167,1.049414788698412e-05,1.0494022032309477e-05,0.3987662286701973,False
311,0.8215397681881651,4.958817379542741,1.0,0.1,2,0.14308517001896753,0.018161110862713017,0.014485868818136505,0.09892461057436301,False
312,1.3233231467229851,8.285695654323533,0.1,0.1,1,0.012592983118597896,0.011602003895343877,0.010171383172721184,0.010252146077913728,False
313,0.20639051989879725,14.321833512182534,1.0,0.01,5,0.2117316981719803,0.0005054021192317079,0.0005016292887368445,0.20855239408250686,False
314,1.0886154972690936,19.413050649431483,0.001,0.1,2,0.019965182186096227,0.01800795964238067,0.01200120803745879,0.012001214960667535,False
315,0.6081543164386408,11.490805500676336,0.001,0.01,20,0.0003262239470026482,0.0002701383302116065,0.0002365268114746301,0.0002767613709759833,False
316,0.8569912253430971,2.611377240447928,0.0,0.01,2,0.007435783329106625,0.00011867061306969432,0.00011147472279344804,0.0025402776851764933,False
317,1.1054792602345216,0.7173090847124105,0.0,0.3,2,0.22613877164831878,0.046419128425508056,0.046143903555323294,0.16187826362041158,False
318,0.7860238222624003,6.7500944320721645,0.0,0.3,20,0.1636521904511427,0.16285632436864728,0.1465341045217652,0.14653462770199638,False
319,0.38336202867321256,18.711274996726317,0.0,0.3,2,0.5180139200494424,0.517322695865401,0.3739416438296717,0.3739416438296717,False
320,0.7892793842430375,13.094924096462481,0.0,0.01,5,0.007268509810968116,0.00033691235342355374,0.00017579397685230213,0.00017579397810365942,False
321,0.44269859124169564,14.476861665659184,0.1,0.01,20,0.008849851319887437,0.00036874231400806513,0.00034140900611633626,0.007281838351960062,False
322,0.28805704645714175,16.459384634571123,0.001,0.1,1,0.049484659988555335,0.04906001248928471,0.04789717297836357,0.04802854951474318,False
323,0.5704524693615336,15.863600769589262,1.0,0.01,20,0.03863033398028614,0.0003190189491734013,0.00026781947211800493,0.021770326219566025,False
324,1.3149723397146587,1.0829737973283722,0.001,0.01,5,0.1259614004828095,6.61942764785071e-05,6.55769347585015e-05,0.05501103667833803,False
325,0.5439816055367175,14.515532889204145,0.001,0.3,2,0.2722027868084777,0.27209679016765564,0.2510397027348533,0.25107412622969905,False
326,0.6513711001286681,4.806610965945867,0.0,0.3,2,0.15455668411322762,0.15384393879936173,0.15167871796495266,0.15170629206717312,False
327,1.0374790949138906,12.351232225699215,0.001,0.1,20,0.013870459727323656,0.013845909209465247,0.012621356388579244,0.01262206256601906,False
328,0.493405742489907,7.6897791343134445,0.001,0.01,2,0.002432413554781796,0.00027045271563455955,0.0002477176831198518,0.00039481986074920133,False
329,1.1021209867362212,18.993123259059484,0.1,0.3,1,0.40144409660468244,0.3809863070949098,0.10665796959626524,0.10665867162327448,False
330,1.2235577100875694,12.155677461102835,1.0,0.01,2,0.0054085784585679525,0.00011980231873769294,0.00010766893366230899,0.0002088915189460855,False
331,1.328233905880246,12.636548489150366,1.0,0.3,20,0.09626848110529279,0.09622304419096726,0.09141213112538853,0.09143257827636346,False
332,0.5869582343542717,0.48133707378270674,1.0,0.1,20,0.6595876566656114,0.003877237557794001,0.003876438051880093,0.6593860924863683,False
333,0.8794665882923764,2.964993201334061,0.0,0.01,2,0.0035457905102677643,0.00011869013460977918,0.000116166241051753,0.001296765277536453,False
334,0.5239337651641306,8.546167550800792,0.1,0.3,5,0.25289485136720086,0.23889384705885522,0.22368042306602584,0.2349688590886803,False
335,0.9670956854981447,14.555970212547056,0.0,0.3,20,0.1466406695227475,0.14639969322579133,0.12316894697928409,0.12316894697934762,False
336,1.1080091346505494,8.093817264045498,0.0,0.01,1,0.0048776958443689225,0.00016073965687254474,0.00011718475980702286,0.00011721850140500789,False
337,0.49259069263371325,11.113056050929996,0.0,0.3,1,0.4290580868822072,0.4122554209891453,0.2581932498588988,0.2581932499302233,False
338,1.2544478719252383,0.5318490119928221,0.001,0.3,1,0.2978968502892413,0.037541923576797795,0.03691107959979173,0.20603566148930866,False
339,1.3293486642324592,1.4611028962788999,1.0,0.1,20,0.2500230020575684,0.007643527906364728,0.007611616842296329,0.2399123444197587,False
340,0.36859401599618,11.247019700702491,0.1,0.3,2,0.40154612286299995,0.3701364732768233,0.31691429730959475,0.3318945740753063,False
341,1.1730454745893641,1.413110543855582,0.0,0.01,5,0.0889214096529475,7.878846971778194e-05,7.651805961391053e-05,0.028066945902053875,False
342,0.2011634416158218,10.96542419198277,0.1,0.01,20,0.02748609504789912,0.0004326241702445292,0.00042615981751909263,0.026275518461713283,False
343,0.7666833655736907,2.855093564655308,0.0,0.01,1,0.0034110456960212525,0.00012183109722309999,0.0001218270046858012,0.0015991286728242648,False
344,0.7800572732739448,19.209240566746075,0.1,0.01,2,0.0006336101641054877,0.00023638324267330252,0.0001802015175234817,0.0002699942027071826,False
345,0.26200719476419293,3.44370656300984,0.1,0.3,1,0.20038463464631273,0.15998050098500968,0.15917984072246055,0.19841507200790232,False
346,0.8515093528551823,2.3864764715355373,0.1,0.1,20,0.04017232891012739,0.010815980051599613,0.010727819048961251,0.03953603741959695,False
347,0.21770950014706442,13.644081587618246,0.001,0.3,1,0.44304998896264824,0.4423812904658352,0.4327599536270343,0.43296988334465986,False
348,0.3340087100521497,10.600178085218442,1.0,0.3,20,0.5184030931699515,0.3284323926935805,0.32296578798819847,0.5051084245179647,False
349,0.7114980835462383,14.000903387831379,1.0,0.1,1,0.05286991449761724,0.02545768515600676,0.02013538409549682,0.02969680286284911,False
350,0.24134966408792416,12.661858562104689,0.0,0.01,20,0.0018031426870076573,0.00045760069357223687,0.0004470614846722132,0.0004470614876995475,False
351,1.2351958399773952,16.97370355381619,0.001,0.3,2,0.10887650419534564,0.1088290255861212,0.09618335467574811,0.09618335760169891,False
352,1.1366348402523834,11.726241237134634,0.1,0.3,1,0.2663037788321833,0.24565414218015524,0.1034140516285439,0.10344913222340223,False
353,0.8500391260530473,5.6695400040243795,0.1,0.1,20,0.022195123455359324,0.015109248500390502,0.014572025086118847,0.02040159949504073,False
354,0.5877907979435113,13.86408739004459,1.0,0.1,1,0.22639606702689097,0.04596052106731303,0.02537997899808056,0.05340797366064657,False
355,1.244109689148527,8.63049790476374,0.1,0.1,20,0.012237840312019868,0.011927407092184213,0.010613167744761868,0.010717982048934538,False
356,0.3190919361670496,13.237332623869241,0.001,0.01,1,0.006940320153598592,0.0005212316390108227,0.00041091800505846295,0.0005618611384878557,False
357,0.6526383979747596,1.5160906523501043,0.0,0.1,1,0.061337762055663415,0.009344701367321915,0.008886220267530616,0.03157301822738377,False
358,0.4332633751256493,17.727118523931868,0.0,0.01,20,0.0010800203460073928,0.00041334529516446727,0.0003671958950651389,0.0003671958950652374,False
359,0.5054500125056751,5.984922125578229,0.1,0.1,2,0.04152587177696348,0.021782863011369072,0.021624014184487082,0.040249565046848304,False
360,1.2630275706618854,15.482646050592662,0.001,0.01,5,0.0029632450433009438,0.00043913837890820196,0.00010506762630819755,0.00010507362538971959,False
361,0.5105267842821588,13.713320894543948,0.0,0.1,20,0.034123938841455106,0.03257429713950208,0.029461771271314458,0.02946177127166887,False
362,0.7331469709184211,2.370662807259082,0.001,0.1,2,0.026793699165201114,0.01145079975164497,0.011272955903696449,0.015245693674939791,False
363,0.8202177511191475,11.532223287093442,0.001,0.01,2,0.002090122151743621,0.00020186791678902468,0.00016647244788095045,0.0001745326140227868,False
364,1.281569934280833,2.908080323969238,1.0,0.01,20,0.08224951333280793,9.954512672087894e-05,9.579679807943923e-05,0.06637507863585605,False
365,0.9485493074233686,19.827293373565773,0.0,0.3,1,0.1374603988822723,0.13745417943047702,0.12615603641036263,0.12615603641036263,False
366,0.23918814829539198,6.949744483643868,0.0,0.01,5,0.0027698608305531426,0.00030562888871296396,0.00030135986420044554,0.0003017080164593769,False
367,0.5112381002419482,5.379816431872973,0.1,0.3,20,0.21500099994659505,0.19188579706146097,0.18295253939777195,0.2032359684083741,False
368,1.2503119325010792,15.42667418478425,0.001,0.01,1,0.00010621026091501708,0.00010615385835932378,0.00010586671541916412,0.00010587408077523055,False
369,0.3733085064232643,8.397864271259706,1.0,0.01,20,0.21125236190901342,0.0003099729372831827,0.000300549545957335,0.20069703381622814,False
370,1.1335602121384727,8.385489769607066,0.001,0.1,20,0.011718008134341961,0.01167579469710563,0.011479981591625402,0.011485164706898773,False
371,0.4471706095859028,15.006681239273496,1.0,0.1,1,0.22182409481494889,0.048735020449377185,0.034186890247847615,0.09691418445973901,False
372,0.9861117358299192,3.8612584882119227,0.1,0.01,1,0.01380563221214172,0.00012369164762842524,0.00011822534579801751,0.008783249712425108,False
373,0.24994209710384935,19.689148597990467,1.0,0.3,1,0.6254769274400677,0.5009830104048477,0.49931872047724146,0.622694674332591,False
374,1.3825241431667614,1.973189204592405,0.001,0.01,20,0.04487790009338678,8.551092257084612e-05,8.485826512062316e-05,0.009022766837673534,False
375,1.1800819647568273,13.829717359171246,0.001,0.1,5,0.012310163285929458,0.012307030118135335,0.011103704715947746,0.011103761132240151,False
376,0.9437603141243527,2.7568382146677695,0.1,0.3,20,0.11966800814138966,0.09950939217410296,0.09817503642006076,0.11814705551413099,False
377,1.2651967388719976,17.04564504627523,0.0,0.01,1,0.00013637799775299107,0.00012560409013236145,0.00010493577670657174,0.00010493577670696728,False
378,1.1576480382053238,2.1514496387785056,1.0,0.3,1,0.3581515924382084,0.09503412304493589,0.08244783067560088,0.23152582962033158,False
379,0.3103013694925206,2.216077882144092,0.0,0.1,1,0.024805332989260645,0.012830349216080408,0.012548895307197673,0.01798905936908489,False
380,0.36374048557517324,18.901077353371395,1.0,0.1,1,0.1246065982433649,0.04564111747076662,0.043492703054368836,0.1116567128927902,False
381,0.7675965917706484,6.566931621340147,0.001,0.1,2,0.018353941801806727,0.017511025425589445,0.016543217427720056,0.01660898488846639,False
382,0.5833017103554454,2.1762854113411825,0.0,0.3,5,0.11828346024192704,0.10476543547245178,0.10257410556629352,0.10847430326901544,False
383,0.8215597768856546,17.98343137728351,1.0,0.01,1,0.13651348899444404,0.0005276653908412166,0.00016813915393099781,0.0009547623520405859,False
384,1.2907405610249303,12.694627557854577,0.1,0.3,5,0.09456553586168262,0.09452906075198528,0.09311235252014025,0.0931154643030449,False
385,0.4594966136112007,15.034884670866761,0.001,0.3,20,0.3128443134393842,0.3124437537435135,0.30026363516951565,0.3003212472486235,False
386,1.0809366076022064,4.880828525650067,1.0,0.3,20,0.16137449774458573,0.11215368444872197,0.10388572367999845,0.1352308659786547,False
387,0.46363461857599797,6.683006450551769,0.1,0.3,20,0.23770354473796743,0.21804438954190872,0.21554097250156726,0.2344428655086434,False
388,0.3387550960440341,1.6946396458904414,0.001,0.1,2,0.029319660187255507,0.010263129625676434,0.010248223927271611,0.02602505886700683,False
389,1.2289851124213331,15.02701808962136,0.001,0.01,5,0.00044028977874218474,0.00014605819370447107,0.00010729823602020181,0.00010731133496496451,False
390,1.1544964752602749,9.491983559816855,0.1,0.1,20,0.012821737169652873,0.012584521902220567,0.011309155361577707,0.01142958906433348,False
391,0.30284063666004934,11.60591654026941,0.001,0.01,20,0.001219186575997953,0.0004008694258674676,0.0003930563040665113,0.0005784020927128296,False
392,1.0335636564053308,4.716961591816502,0.0,0.1,1,0.021155116516160047,0.013551494298859372,0.011901960641859263,0.011935068204342434,False
393,0.7478851504131321,11.720329570969287,0.1,0.01,20,0.002209124014207832,0.00019724743651513467,0.00018666653984962062,0.0015574626738943489,False
394,0.527537948694965,6.700960357301244,0.1,0.1,1,0.03809256613384811,0.022392849932985927,0.02230266165165847,0.03768279350866302,False
395,1.1485752029188085,2.4767021606065445,0.001,0.3,1,0.14780133453400657,0.09999866440933111,0.08659555631694998,0.08979550633753947,False
396,0.8354520947756727,10.610776700528957,1.0,0.01,1,0.21015984606468505,0.00037957571818104154,0.00016197360993222125,0.010111855886051704,False
397,0.4370477595946211,5.394372831744069,0.0,0.01,5,0.0049003447175680346,0.00021922654766289484,0.00021772183373476928,0.00022603501866863462,False
398,1.0662822992960226,17.476920023018796,1.0,0.1,2,0.013819309204254136,0.013761248160704198,0.012264457804008913,0.012294254467406883,False
399,0.44341049630373736,14.361577083586248,0.0,0.01,1,0.0007728971839058684,0.0003553781147967918,0.00034012919595735017,0.00034012919605179464,False
400,0.864673013303271,13.498719537840673,1.0,0.01,20,0.010251077053267242,0.00018029949340664218,0.00015679484312363826,0.0027042878420749754,False
401,0.9912560723744643,11.78021179045848,0.1,0.3,20,0.1634350526147993,0.1607521367940307,0.11946370534811598,0.11961506973659387,False
402,0.3783341123159237,10.228572693183683,0.001,0.1,20,0.034997320321325374,0.034097529011385484,0.03314680597006587,0.03330792105894071,False
403,1.2858052131358677,11.981738930919287,0.001,0.01,1,0.0001456402110665813,0.00011252265291437327,0.00010372750884790024,0.0001038500417655382,False
404,0.8128619177779475,0.7742690665471478,0.1,0.3,1,0.2450876744682554,0.05116142778140245,0.04970315625271949,0.19105086910616514,False
405,0.9893287402145139,9.937484210115363,1.0,0.01,5,0.004814938863538577,0.00013763700642601702,0.00013256992667916146,0.00394327830742602,False
406,0.4359493518396772,14.839204259812929,0.1,0.1,5,0.04963430144127268,0.03778414974751846,0.034851120439426744,0.041744335715702297,False
407,0.8667919074168904,3.8595303649774237,0.0,0.01,2,0.006350121356634451,0.00014043793124774004,0.00012894068389553452,0.0003193015246408863,False
408,0.5800328575393501,16.775508439639456,0.001,0.1,2,0.02716145126158219,0.02699241241811058,0.02642019564246652,0.026436638044458373,False
409,0.8967936433796173,4.635960640198365,0.1,0.3,20,0.13799137114617205,0.1237703731126534,0.11949628135661085,0.1269912325703857,False
410,0.49838271366984715,17.296073805026985,0.001,0.1,2,0.03574541708673311,0.034458439979304145,0.0316497925621784,0.03168032577614359,False
411,0.5166892719040034,19.74131506295779,0.1,0.1,20,0.037077390083627385,0.033117532805588185,0.030925491273973392,0.0326506660911226,False
412,0.5220787646987569,3.246638190553012,0.0,0.3,2,0.14379222473015976,0.14284767065893467,0.13529902670175672,0.13596365070272753,False
413,1.2482685663219515,8.559725079303835,0.0,0.1,2,0.014284229963797183,0.01374452473326045,0.010585765050832259,0.010585778094196205,False
414,0.6892908679105301,17.200814747224108,0.001,0.1,20,0.023019066775247288,0.022737482044641384,0.021210975838690044,0.021215926798774078,False
415,0.4074141592160452,10.087792184166371,0.1,0.3,5,0.32316555719962076,0.3036428343475829,0.28425361121650977,0.2988797527432886,False
416,0.536259582342933,4.763684168076355,0.0,0.01,20,0.0017815714201147002,0.00019009967827283611,0.00018612969728593886,0.00021622736470981353,False
417,1.326794329111002,14.038628409473892,0.1,0.01,1,0.00012797744939062984,0.00011224029237213941,0.00010163755802615425,0.00010232308498780343,False
418,0.4014405350701343,18.103298726943038,0.001,0.01,2,0.004699737871352112,0.000504657399098303,0.00039581958468353157,0.000453288662370719,False
419,0.8967376061327119,5.297128670961071,0.1,0.01,2,0.007250764157278563,0.00013904869209406095,0.00013699353052990163,0.00573618012523856,False
420,1.163624951202353,15.934679588845926,0.0,0.1,5,0.02998406402623935,0.029702255446926604,0.01124572845424485,0.011245728454248665,False
421,0.3722853051172579,5.051853671510769,0.001,0.1,20,0.022731113021033325,0.022087036764477395,0.021981487458877694,0.022294134199330302,False
422,0.7078244973357677,11.255254489314309,0.0,0.1,1,0.020535414189267166,0.020380750743651387,0.019859542863838054,0.019859542917203037,False
423,0.9405264571156133,12.389475326930421,0.001,0.1,1,0.034072368665790775,0.02659352318105586,0.014122358137611875,0.014124239326816772,False
424,1.3186348312056089,7.043237964744962,0.1,0.1,1,0.010942252018339909,0.010439106261453347,0.010177973012980212,0.01042576992722811,False
425,0.5268069767416688,8.119438352512633,0.1,0.3,20,0.24902641215418259,0.23211277456371443,0.21831769746242372,0.23033556433356553,False
426,0.28573362939113467,17.567117315639805,0.001,0.01,20,0.0006491346345988189,0.000510646069929617,0.0004949685201188021,0.0006164384694238836,False
427,1.0902109385568923,17.834436375713924,0.0,0.3,1,0.14890534156290605,0.14879224721866452,0.10784636808956097,0.10784636808956105,False
428,0.28069204319973695,1.7513336267908028,0.1,0.1,20,0.07023371304715498,0.010624870155561981,0.010600721749689792,0.0691655152140621,False
429,1.1619422474198302,13.541049883237445,1.0,0.3,20,0.11530601674217979,0.1151548177617377,0.1013366524522909,0.10142000231043774,False
430,1.065833715645414,8.392440735212901,0.1,0.3,1,0.11019077904155752,0.10971690432596162,0.10967462240396446,0.11014552964791294,False
431,0.9931821251177102,9.183313777545846,1.0,0.3,5,0.17571461417664266,0.1540685720610056,0.11849490441316478,0.12385156545866054,False
432,1.1138838199289687,17.169770267040334,0.0,0.3,20,0.12239286584644132,0.12238778760731898,0.10552634001994139,0.1055263400199417,False
433,1.0383144501264145,14.436697248131209,1.0,0.1,1,0.07623575491254787,0.030105763896020876,0.012619064647826625,0.01284889062966741,False
434,0.4414959476871801,17.36015391453269,0.001,0.1,5,0.036353277665629985,0.03624959038092373,0.03588960379350211,0.03593686061373549,False
435,0.9167845325205712,12.680998437167242,0.001,0.3,1,0.25481883232279245,0.24741044035783852,0.13111929068167882,0.13112138949980084,False
436,0.7184911279485433,0.8202637503166683,1.0,0.01,2,0.516438740112892,5.824167958999565e-05,5.802078823842062e-05,0.5100116641582392,False
437,1.164097435617993,14.43818186591781,0.001,0.1,20,0.012469202366537306,0.012462168121731596,0.011241118077497732,0.011241164093429509,False
438,0.9810487541780915,6.580486912800608,1.0,0.1,20,0.03641023131776536,0.013287501826377815,0.013038217515372154,0.03376258187508606,False
439,0.21130069449600586,11.268890925043292,0.1,0.01,20,0.027553091078746955,0.0004409942538404069,0.0004297404142104755,0.02522457494495404,False
440,0.35668720168046875,11.86827363176275,0.1,0.01,20,0.0208623339038223,0.00042140465257798195,0.00036785511084862194,0.015103766775469646,False
441,0.952905376810977,1.7659682256025107,0.1,0.01,5,0.06950163097503183,0.00010089759119418353,8.953155603769089e-05,0.05048270799816498,False
442,0.5121730099285254,17.09870761547868,0.001,0.01,2,0.0007653471667069644,0.00032704934738716536,0.0003065029831449741,0.0003346258094597102,False
443,0.6665352521455471,16.62078065059592,1.0,0.01,5,0.00946463594830551,0.00022820875771169133,0.00022132201250262326,0.007554482079517703,False
444,0.775935568818801,8.848724475609446,0.0,0.1,5,0.018590497100076122,0.017720322380859032,0.017322879023979113,0.01732288625746257,False
445,0.3626745362242537,0.29714255981418,1.0,0.01,2,0.7630197591602231,2.5869141345547492e-05,2.586638717939452e-05,0.762700002631857,False
446,1.128719732263083,14.627960120130725,0.0,0.01,20,0.00022749133159279223,0.00012674218180578657,0.00011572861062583187,0.00011572861068068124,False
447,1.016190207695144,15.96080281045329,1.0,0.01,1,0.01971020012567283,0.0002628699925997868,0.00012928073421427836,0.00026741455456505924,False
448,1.2748500216009861,10.132756433188487,1.0,0.1,5,0.012031061983456666,0.011410189266617882,0.010432669847310085,0.010687901997262477,False
449,0.2910394159697385,7.204849861284747,0.0,0.1,1,0.03992202588969053,0.03321351219150524,0.029699924487511475,0.029700131385308956,False
450,0.6843196951531905,15.199587340387826,1.0,0.1,20,0.03602770820597938,0.024127344995089305,0.021277135776988358,0.030162687419979756,False
451,0.3537259079602918,1.746668248171047,0.001,0.01,5,0.020160947450144056,0.00010513169462623959,0.00010448044191561368,0.014292591613488751,False
452,0.557956391075805,17.725518027223103,0.1,0.1,20,0.045715680861775645,0.04186776768475433,0.027862548510105705,0.029535735743579476,False
453,0.7246922209889768,18.43060786141507,0.001,0.3,1,0.5416494179908172,0.5221897487306302,0.17891979104030042,0.17892212096575347,False
454,1.109353591809706,11.92034524836835,1.0,0.01,1,0.0006348836394489907,0.00011983186820860935,0.00011766208407969199,0.0005344795034576824,False
455,1.3880107150094714,7.33277587169163,1.0,0.1,20,0.014811352194369916,0.013115658521501438,0.009907068328790123,0.010895764142859426,False
456,1.216252336135476,8.856591865484669,0.0,0.01,1,0.035210167327767536,0.0002588005569736717,0.00010805554135013973,0.00010806265966663945,False
457,1.3698917017590337,4.8655968564588985,1.0,0.01,5,0.01006595653790621,0.00010399700758108771,9.873587413323554e-05,0.009675857695988497,False
458,0.23458354637709633,1.6328755244475495,0.1,0.1,5,0.07412443764400276,0.010123907757450357,0.010122661141303082,0.07360784577153666,False
459,1.3202614541064073,13.465923687392412,0.001,0.3,2,0.1432103596460571,0.1431561394193884,0.09175127220922216,0.09175129838481912,False
460,1.3181064886416496,12.144366296513988,0.001,0.1,5,0.010952605698253745,0.010949747030320266,0.010204697491079768,0.010204800957513577,False
461,1.3808791333621686,1.765925479761576,0.0,0.01,1,0.08661761725738677,8.804806001748391e-05,8.171894852119114e-05,0.013709632000930084,False
462,0.36781484834948097,12.876267002656608,1.0,0.3,5,0.5521232972160692,0.38021544307394156,0.3375076196588764,0.4637662228405501,False
463,0.9844742981328056,15.647741594305243,1.0,0.3,1,0.12658621391032226,0.12619186084359457,0.12065732815137535,0.12090364646099497,False
464,0.7710162164962162,5.454183421841838,0.1,0.3,20,0.16680651491159465,0.15582840591425415,0.141043661981792,0.1496751975789712,False
465,0.2291221970719377,2.457032743571551,0.001,0.01,5,0.004701960205767528,0.00013814242908345703,0.00013804140205100822,0.0034690022385742638,False
466,0.5897627496782489,9.655744253243967,0.0,0.1,2,0.02806043682830364,0.027765539840432424,0.023420921613924967,0.023420923008235957,False
467,0.5159899417268197,13.22931055489013,1.0,0.1,1,0.10452475150787413,0.03189157622684,0.028904511724026687,0.0815216463561112,False
468,1.1241567152738632,19.606503002922466,0.1,0.1,5,0.02948713493476661,0.029389884736778636,0.011619664665368054,0.011619996803025858,False
469,1.0812957312995883,5.731411985460069,0.0,0.3,5,0.12339994217749434,0.1221022872345641,0.10575152206064897,0.10575570194227527,False
470,0.2645661908934088,10.131366573686007,0.0,0.3,2,0.3465476569171382,0.3461711561576225,0.34209202105377085,0.34209202158218804,False
471,0.959716519722916,16.53271062569819,1.0,0.01,2,0.0017480110970866682,0.00015491998248210636,0.00013817464314525778,0.00036270776270538223,False
472,0.790494679724248,14.708949884830114,0.0,0.3,1,0.2313832105398293,0.2296010927931531,0.15858978804703674,0.15858978804708324,False
473,0.21229481451412782,18.75383084926164,0.0,0.01,5,0.0009146312656455973,0.0006152353476474641,0.0005772227826311218,0.0005772227826311339,False
474,1.3112860184035124,8.084692776476935,0.1,0.3,5,0.10200829724118574,0.10170236858664744,0.09204543349898771,0.09214823370329031,False
475,0.7476855241503242,12.291213663399073,1.0,0.3,1,0.6561764645408164,0.41498516898690696,0.16870177621600554,0.18022606743315403,False
476,0.33840842788491204,19.461513528995585,0.1,0.3,2,0.4702539247296882,0.46142529808596067,0.4171318186495279,0.4247442904906694,False
477,0.6099523051875317,3.0783574347184666,0.1,0.01,1,0.05499101257661067,0.0001553688374097033,0.0001385631693983469,0.027146175770117464,False
478,0.7202513143793146,7.382264336330359,0.0,0.1,2,0.027474020933090232,0.01982765251402451,0.018067021125035117,0.018067165195052075,False
479,1.3336993247212288,5.953974992496392,0.0,0.1,2,0.021110328465996794,0.01373722844233252,0.010078785057366854,0.010081439552269344,False
