sigma,budget,preparation_gain,global_gain_ceiling
0.0,1.0,0.7851293655281296,1.3402996640017613
0.0,1.1916666666666667,0.8304654842585205,1.4176932597190903
0.0,1.3833333333333333,0.8784194692308066,1.4995558326501974
0.0,1.5750000000000002,0.9291424852083671,1.586145437187724
0.0,1.7666666666666666,0.9827944257373288,1.6777350286885329
0.0,1.9583333333333335,1.0395444171770496,1.7746133239075579
0.0,2.1500000000000004,1.0995713518350752,1.8770857111161146
0.0,2.341666666666667,1.1630644518871929,1.9854752127736373
0.0,2.533333333333333,1.2302238658601847,2.100123503787444
0.0,2.725,1.3012612995576016,2.22139198857039
0.0,2.916666666666667,1.376400683417384,2.349662940291606
0.0,3.1083333333333334,1.4558788784050742,2.48534070591155
0.0,3.3000000000000003,1.5399464226677317,2.628852980800017
0.0,3.4916666666666667,1.6288683213022985,2.7806521569550466
0.0,3.6833333333333336,1.7229248817279372,2.941216749072719
0.0,3.875,1.8224125972957321,3.1110529029632072
0.0,4.066666666666666,1.927645081921008,3.2906959910680462
0.0,4.258333333333334,2.038954058684705,3.480712300108192
0.0,4.45,2.1566904055200187,3.6817008161827256
0.0,4.6416666666666675,2.2812252612805124,3.8942951129454753
0.0,4.833333333333334,2.4129511956771497,4.119165348811533
0.0,5.025,2.5522834467700046,4.35702037948946
0.0,5.216666666666667,2.699661229919035,4.6086099924985175
0.0,5.408333333333333,2.8555491223171923,4.874727270714739
0.0,5.6000000000000005,3.020438527471106,5.1562110923964575
0.0,5.791666666666667,3.1948492242467643,5.453948775569985
0.0,5.983333333333333,3.379331005362048,5.768878875111456
0.0,6.175000000000001,3.5744654104877904,6.101994141341972
0.0,6.366666666666667,3.780867559441639,6.454344649462308
0.0,6.558333333333334,3.999188091214452,6.827041109692232
0.0,6.75,4.230115214936315,7.221258368548755
0.0,6.941666666666667,4.47437687938907,7.638239112300631
0.0,7.133333333333334,4.732743067692043,8.079297784273047
0.0,7.325,5.006028224412525,8.54582472835137
0.0,7.5166666666666675,5.295093822976908,9.03929057174525
0.0,7.708333333333334,5.600851081523633,9.561250860828931
0.0,7.9,5.924263834742284,10.11335096467106
0.0,8.091666666666667,6.266351573125854,10.697331261711717
0.0,8.283333333333335,6.628192655466876,11.315032625936025
0.0,8.475000000000001,7.010927709236742,11.968402229838953
0.0,8.666666666666668,7.415763225701512,12.659499682473513
0.0,8.858333333333334,7.843975363241432,13.390503521931088
0.0,9.05,8.296913967281643,14.163718082720896
0.0,9.241666666666667,8.776006838085614,14.981580759695241
0.0,9.433333333333334,9.282764213482631,15.846669691419972
0.0,9.625,9.818783536456145,16.761711887209323
0.0,9.816666666666666,10.385754499407465,17.72959182344374
0.0,10.008333333333335,10.985464362475605,18.75336053627018
0.0,10.200000000000001,11.619803569475723,19.83624523934626
0.0,10.391666666666667,12.290771815071299,20.981659496945934
0.0,10.583333333333334,13.000484137121834,22.19321398449758
0.0,10.775,13.751177720119907,23.47472787047147
0.0,10.966666666666667,14.545219249524148,24.83024085549838
0.0,11.158333333333333,15.385111398309444,26.264025906668728
0.0,11.350000000000001,16.27350221084154,27.78060272715469
0.0,11.541666666666668,17.21319215723947,29.38475200361555
0.0,11.733333333333334,18.207142876418033,31.081530476298077
0.0,11.925,19.258488976930344,32.87628687933729
0.0,12.116666666666667,20.370546340744696,34.774678801505885
0.0,12.308333333333334,21.546818545265744,36.782690520563044
0.0,12.5,22.791011534024534,38.90665186741912
0.0,12.691666666666668,24.107062322430277,41.15325817958646
0.0,12.883333333333335,25.499109297609426,43.52959140680826
0.0,13.075000000000001,26.971565950442926,46.04314243540468
0.0,13.266666666666667,28.529005755264517,48.701834701701074
0.0,13.458333333333334,30.17643572786217,51.51404916898062
0.0,13.65,31.91915486948442,54.48865074669259
0.0,13.841666666666667,33.76240160574313,57.63501623519952
0.0,14.033333333333335,35.71225455824684,60.96306388414895
0.0,14.225000000000001,37.77509736360242,64.4832846576528
0.0,14.416666666666668,39.95682456952776,68.20677530482621
0.0,14.608333333333334,42.26460377083739,72.14527333993216
0.0,14.8,44.706540619018554,76.31119404240873
0.0,14.991666666666667,47.29027658268654,80.7176695933992
0.0,15.183333333333334,50.02443947910918,85.37859047217091
0.0,15.375000000000002,52.921768676011936,90.30864924290145
0.0,15.566666666666668,55.987697871797124,95.52338686986964
0.0,15.758333333333335,59.22805982276102,101.03924170705143
0.0,15.950000000000001,62.68105375613919,106.87360131653821
0.0,16.141666666666666,66.33830146169392,113.04485727914279
0.0,16.333333333333336,70.1967625001224,119.57246316994984
0.0,16.525,74.32630436261363,126.47699588158994
0.0,16.71666666666667,78.8125581954177,133.78022048852282
0.0,16.908333333333335,83.58702679719916,141.50515885682069
0.0,17.1,88.950431172945,149.67616221571294
0.0,17.291666666666668,94.43853635872608,158.3189879196748
0.0,17.483333333333334,100.75858111967243,167.46088064301372
0.0,17.675,107.21436210023232,177.13065826293587
0.0,17.866666666666667,116.39856821952327,187.3588027017814
0.0,18.058333333333334,124.7685303488535,198.17755601482006
0.0,18.25,140.07838777255435,209.62102202649345
0.0,18.441666666666666,158.6659600064983,221.72527383547512
0.0,18.633333333333333,187.3431815231288,234.52846752747502
0.0,18.825000000000003,239.02022177917647,248.0709624541935
0.0,19.01666666666667,362.7923750346299,262.39544845761685
0.0,19.208333333333336,27164.955358100597,277.54708044069366
0.0,19.400000000000002,-700.4142003248787,293.57362070857715
0.0,19.59166666666667,-218.88118676091437,310.5255895291576
0.0,19.783333333333335,-157.32937767697973,328.4564243874983
0.0,19.975,-68.81783210951691,347.42264843615925
0.0,20.166666666666668,-36.893622085232145,367.48404867245506
0.0,20.358333333333334,-37.6064261196093,388.7038644042672
0.0,20.55,-20.80986902406437,411.14898659854396
0.0,20.741666666666667,-14.569876346311881,434.89016874089174
0.0,20.933333333333334,-10.294532618329608,460.002249870929
0.0,21.125,-7.317341649073194,486.56439049646445
0.0,21.316666666666666,-5.221811570430569,514.660322130215
0.0,21.508333333333336,-3.7362811401912013,544.378611235635
0.0,21.700000000000003,-2.678126111236031,575.8129384138825
0.0,21.89166666666667,-1.630641241385799,609.0623937120771
0.0,22.083333333333336,-1.6806898797652954,644.2317889836106
0.0,22.275000000000002,-0.9920007654258124,681.4319882852976
0.0,22.46666666666667,-0.7131425486541826,720.7802573527882
0.0,22.658333333333335,-0.6247366871810368,762.40063325592
0.0,22.85,-0.4494456468743069,806.4243153992642
0.0,23.041666666666668,-0.2652726847873133,852.990079100413
0.0,23.233333333333334,-0.23270148546804245,902.2447130497169
0.0,23.425,-0.16745865636874843,954.3434820305142
0.0,23.616666666666667,-0.12051303014492509,1009.450616358387
0.0,23.808333333333334,-0.08673055467376091,1067.7398295823841
0.0,24.0,-0.051108702450635465,1129.394866080155
0.001,1.0,0.7851305208917351,1.3402962010598718
0.001,1.1916666666666667,0.8304670404516092,1.4176862086098476
0.001,1.3833333333333333,0.8784211176590249,1.4995421456917553
0.001,1.5750000000000002,0.9291433748007002,1.5861197761688033
0.001,1.7666666666666666,0.982792633828331,1.6776881669016703
0.001,1.9583333333333335,1.0395359935689963,1.7745294881792184
0.001,2.1500000000000004,1.0995486235918697,1.8769381859163652
0.001,2.341666666666667,1.1630130609951024,1.985219107049103
0.001,2.533333333333333,1.2301176541105738,2.0996839041203024
0.001,2.725,1.3010535640697727,2.2206446387275065
0.001,2.916666666666667,1.37600935572315,2.3484028608084224
0.001,3.1083333333333334,1.455161596167709,2.483231431831922
0.001,3.3000000000000003,1.5386588977209923,2.625344793046097
0.001,3.4916666666666667,1.6265952931163834,2.7748509846740683
0.001,3.6833333333333336,1.718966435957393,2.9316751491061237
0.001,3.875,1.8155985378269381,3.095439129999872
0.001,4.066666666666666,1.9160348903982807,3.265274933805736
0.001,4.258333333333334,2.019358392116782,3.4395418669686806
0.001,4.45,2.123922190117106,3.615410923290531
0.001,4.6416666666666675,2.2269593935418994,3.7882834157782095
0.001,4.833333333333334,2.324059551646545,3.9510419647515316
0.001,5.025,2.4085603503037234,4.09322442624817
0.001,5.216666666666667,2.4710480991016284,4.200411252885605
0.001,5.408333333333333,2.499417832487655,4.254443803676944
0.001,5.6000000000000005,2.4802313024318154,4.235422157552385
0.001,5.791666666666667,2.402070695945158,4.126327375078233
0.001,5.983333333333333,2.2606054149655113,3.919885334483516
0.001,6.175000000000001,2.063087093194684,3.624868513585706
0.001,6.366666666666667,1.828684307192327,3.26732078444852
0.001,6.558333333333334,1.583056777400298,2.8841969313477254
0.001,6.75,1.3500756074493654,2.5122919907664225
0.001,6.941666666666667,1.1457351468711665,2.1788013317310577
0.001,7.133333333333334,0.9767731709327236,1.89773657664256
0.001,7.325,0.8428101626995302,1.6717191355637042
0.001,7.5166666666666675,0.7395167278521716,1.496131319290276
0.001,7.708333333333334,0.6611743203483987,1.3630561439370565
0.001,7.9,0.6021923658043131,1.2639443565886004
0.001,8.091666666666667,0.5577833893434198,1.1910180411225189
0.001,8.283333333333335,0.5241344528517543,1.1378061829058863
0.001,8.475000000000001,0.49833748052689997,1.0992016869759802
0.001,8.666666666666668,0.47823340909703566,1.0713045837614141
0.001,8.858333333333334,0.462246305660035,1.0511992816987297
0.001,9.05,0.44923818923297926,1.036736248851852
0.001,9.241666666666667,0.4383928038371099,1.0263453082921221
0.001,9.433333333333334,0.429126964108094,1.0188865525596151
0.001,9.625,0.42102483468315194,1.0135358739646159
0.001,9.816666666666666,0.41379006042098904,1.0096991516211689
0.001,10.008333333333335,0.40721128470820456,1.0069488897492658
0.001,10.200000000000001,0.401137488092677,1.0049778917467336
0.001,10.391666666666667,0.395460431366662,1.0035656089356435
0.001,10.583333333333334,0.3901021933232322,1.0025538018864042
0.001,10.775,0.3850063413336468,1.0018289884561522
0.001,10.966666666666667,0.38013168286095905,1.0013098111604042
0.001,11.158333333333333,0.3754478462593887,1.0009379574661605
0.001,11.350000000000001,0.3709321561426655,1.0006716398858289
0.001,11.541666666666668,0.36656742403380077,1.0004809172869302
0.001,11.733333333333334,0.36234038577166844,1.0003443390370959
0.001,11.925,0.35824059579077444,1.0002465387914652
0.001,12.116666666666667,0.3542596441093906,1.0001765096284427
0.001,12.308333333333334,0.3503906012680532,1.0001263678399444
0.001,12.5,0.34662762431278876,1.0000904670738937
0.001,12.691666666666668,0.3429656765869078,1.0000647636134805
0.001,12.883333333333335,0.3394003279821311,1.0000463616429949
0.001,13.075000000000001,0.335927612102696,1.0000331874898896
0.001,13.266666666666667,0.3325439237138705,1.0000237562791592
0.001,13.458333333333334,0.32924594473067453,1.0000170047953854
0.001,13.65,0.32603059044851845,1.0000121717745019
0.001,13.841666666666667,0.3228949701526098,1.0000087121706778
0.001,14.033333333333335,0.31983635795851434,1.0000062357588217
0.001,14.225000000000001,0.31685217095178847,1.0000044631671028
0.001,14.416666666666668,0.31393995254970264,1.0000031943927465
0.001,14.608333333333334,0.3110973596161193,1.0000022862578222
0.001,14.8,0.30832215228472903,1.000001636267151
0.001,14.991666666666667,0.30561218575184257,1.0000011710507053
0.001,15.183333333333334,0.30296540351186685,1.0000008380887644
0.001,15.375000000000002,0.300379831660709,1.000000599787625
0.001,15.566666666666668,0.29785357399883244,1.0000004292382993
0.001,15.758333333333335,0.2953848077428263,1.000000307180198
0.001,15.950000000000001,0.2929717797065762,1.0000002198275109
0.001,16.141666666666666,0.29061280285323227,1.00000015731322
0.001,16.333333333333336,0.2883062531440907,1.0000001125752749
0.001,16.525,0.28605056663235995,1.0000000805592992
0.001,16.71666666666667,0.28384423676097825,1.0000000576478947
0.001,16.908333333333335,0.28168581183551383,1.0000000412521475
0.001,17.1,0.27957389265004884,1.0000000295192442
0.001,17.291666666666668,0.27750713024737017,1.0000000211231979
0.001,17.483333333333334,0.2754842238006822,1.0000000151150668
0.001,17.675,0.27350391860516443,1.0000000108157496
0.001,17.866666666666667,0.2715650041708487,1.0000000077392617
0.001,18.058333333333334,0.26966631240889233,1.000000005537821
0.001,18.25,0.26780671590468147,1.0000000039625523
0.001,18.441666666666666,0.26598512627254833,1.0000000028353582
0.001,18.633333333333333,0.2642004925864934,1.0000000020287934
0.001,18.825000000000003,0.2624517998833142,1.00000000145166
0.001,19.01666666666667,0.2607380677335222,1.0000000010386976
0.001,19.208333333333336,0.2590583488762565,1.0000000007432088
0.001,19.400000000000002,0.2574117279155573,1.0000000005317777
0.001,19.59166666666667,0.25579732007415507,1.0000000003804932
0.001,19.783333333333335,0.25421427000175356,1.000000000272246
0.001,19.975,0.25266175063650953,1.0000000001947933
0.001,20.166666666666668,0.2511389621143214,1.000000000139375
0.001,20.358333333333334,0.24964513072698316,1.0000000000997225
0.001,20.55,0.24817950792456742,1.000000000071351
0.001,20.741666666666667,0.24674136935960198,1.000000000051051
0.001,20.933333333333334,0.24533001397357773,1.0000000000365266
0.001,21.125,0.24394476312099933,1.0000000000261342
0.001,21.316666666666666,0.24258495973096217,1.0000000000186986
0.001,21.508333333333336,0.24124996750372682,1.0000000000133786
0.001,21.700000000000003,0.23993917014090665,1.000000000009572
0.001,21.89166666666667,0.23865197060800816,1.0000000000068485
0.001,22.083333333333336,0.23738779042714697,1.0000000000049
0.001,22.275000000000002,0.23614606899925278,1.0000000000035059
0.001,22.46666666666667,0.23492626295392438,1.0000000000025084
0.001,22.658333333333335,0.23372784552600237,1.0000000000017946
0.001,22.85,0.2325503059577888,1.000000000001284
0.001,23.041666666666668,0.23139314892501656,1.0000000000009188
0.001,23.233333333333334,0.23025589398629376,1.0000000000006573
0.001,23.425,0.22913807505496456,1.0000000000004703
0.001,23.616666666666667,0.22803923989154953,1.0000000000003364
0.001,23.808333333333334,0.22695894961708862,1.0000000000002407
0.001,24.0,0.22589677824515908,1.0000000000001723
0.01,1.0,0.7852448319193961,1.339953718332072
0.01,1.1916666666666667,0.83062094913971,1.416989325228393
0.01,1.3833333333333333,0.8785840449366248,1.498190839251352
0.01,1.5750000000000002,0.9292312104055521,1.5835904091643973
0.01,1.7666666666666666,0.9826159950789501,1.6730807103266192
0.01,1.9583333333333335,1.038707779149434,1.7663186261403392
0.01,2.1500000000000004,1.0973230740051625,1.862574822545142
0.01,2.341666666666667,1.1580129242351267,1.960507025897505
0.01,2.533333333333333,1.219885811693198,2.0578363951504888
0.01,2.725,1.2813456941767667,2.150925609870353
0.01,2.916666666666667,1.339742142949123,2.2343163510135375
0.01,3.1083333333333334,1.3909876912469912,2.300411726597282
0.01,3.3000000000000003,1.4293268981239877,2.339690576865226
0.01,3.4916666666666667,1.4476382672139154,2.342010570246175
0.01,3.6833333333333336,1.4387694964418989,2.299381275716455
0.01,3.875,1.3980797854671816,2.209681412092205
0.01,4.066666666666666,1.326303849350589,2.0793936608082153
0.01,4.258333333333334,1.2307354700348005,1.923011193941223
0.01,4.45,1.1232474644955301,1.7587025059938515
0.01,4.6416666666666675,1.0161237802507412,1.6027217828786797
0.01,4.833333333333334,0.9184474533310646,1.4657496676511903
0.01,5.025,0.834831541586047,1.352325210997731
0.01,5.216666666666667,0.7661705342773574,1.2623571376486287
0.01,5.408333333333333,0.7111339254181102,1.1931608936918126
0.01,5.6000000000000005,0.6674660533589581,1.1410816137034172
0.01,5.791666666666667,0.6327946461228549,1.1024700789419262
0.01,5.983333333333333,0.6050167827310478,1.074138195501435
0.01,6.175000000000001,0.5824231040111968,1.0534960501477526
0.01,6.366666666666667,0.5636914552583548,1.0385293337924215
0.01,6.558333333333334,0.547829327695678,1.0277136869719214
0.01,6.75,0.5341051906612079,1.0199157099080354
0.01,6.941666666666667,0.5219857686383965,1.0143023984034298
0.01,7.133333333333334,0.5110846821280444,1.0102662223690808
0.01,7.325,0.5011227145784533,1.0073663790256655
0.01,7.5166666666666675,0.49189806475560205,1.005284154913569
0.01,7.708333333333334,0.4832645167850494,1.003789662202415
0.01,7.9,0.47511562200209057,1.0027173577077
0.01,8.091666666666667,0.4673733300829165,1.0019481717494494
0.01,8.283333333333335,0.4599798610771721,1.001396532571878
0.01,8.475000000000001,0.45289191419202585,1.001000979512232
0.01,8.666666666666668,0.44607655020614057,1.0007173892150625
0.01,8.858333333333334,0.4395082672755333,1.0005140958894585
0.01,9.05,0.43316692518795513,1.0003683802541314
0.01,9.241666666666667,0.4270362716516092,1.0002639454583793
0.01,9.433333333333334,0.4211028952371034,1.0001891036801118
0.01,9.625,0.4153554804612609,1.0001354739187793
0.01,9.816666666666666,0.4097842767674177,1.0000970472176856
0.01,10.008333333333335,0.40438071893241545,1.0000695158347754
0.01,10.200000000000001,0.3991371547105662,1.0000497919444968
0.01,10.391666666666667,0.3940466484702742,1.0000356623894615
0.01,10.583333333333334,0.38910283873662455,1.0000255410658088
0.01,10.775,0.38429983402706985,1.0000182913582227
0.01,10.966666666666667,0.3796321359414424,1.0000130988243714
0.01,11.158333333333333,0.3750945816987411,1.00000937991942
0.01,11.350000000000001,0.3706823005952338,1.0000067165656208
0.01,11.541666666666668,0.36639068047018375,1.0000048092535367
0.01,11.733333333333334,0.3622153414041962,1.0000034434293934
0.01,11.925,0.35815211467956726,1.000002465406792
0.01,12.116666666666667,0.3541970256007427,1.0000017651054167
0.01,12.308333333333334,0.35034627917512695,1.0000012636828175
0.01,12.5,0.34659624793914234,1.0000009046728764
0.01,12.691666666666668,0.3429434614160625,1.000000647637169
0.01,12.883333333333335,0.33938459683515765,1.0000004636169302
0.01,13.075000000000001,0.33591647084329573,1.0000003318751411
0.01,13.266666666666667,0.33253603201240434,1.0000002375629087
0.01,13.458333333333334,0.32924035399778995,1.0000001700480106
0.01,13.65,0.3260266292391919,1.0000001217177723
0.01,13.841666666666667,0.32289216312294905,1.00000008712172
0.01,14.033333333333335,0.3198343685427721,1.0000000623575946
0.01,14.225000000000001,0.31685076081045777,1.0000000446316741
0.01,14.416666666666668,0.3139389528780167,1.000000031943929
0.01,14.608333333333334,0.311096650840158,1.000000022862579
0.01,14.8,0.3083216496915783,1.0000000163626719
0.01,14.991666666666667,0.30561182931770253,1.0000000117105075
0.01,15.183333333333334,0.3029651507007025,1.0000000083808878
0.01,15.375000000000002,0.30037965232504776,1.0000000059978762
0.01,15.566666666666668,0.2978534467688053,1.0000000042923831
0.01,15.758333333333335,0.29538471746843503,1.000000003071802
0.01,15.950000000000001,0.292971715646073,1.0000000021982751
0.01,16.141666666666666,0.2906127573893526,1.0000000015731323
0.01,16.333333333333336,0.28830622087466856,1.0000000011257526
0.01,16.525,0.2860505437255523,1.0000000008055931
0.01,16.71666666666667,0.2838442204984553,1.0000000005764789
0.01,16.908333333333335,0.28168580028881746,1.0000000004125214
0.01,17.1,0.2795738844508047,1.0000000002951925
0.01,17.291666666666668,0.2775071244245338,1.0000000002112321
0.01,17.483333333333334,0.27548421966502873,1.0000000001511506
0.01,17.675,0.2735039156675086,1.0000000001081575
0.01,17.866666666666667,0.2715650020839564,1.0000000000773925
0.01,18.058333333333334,0.26966631092622295,1.0000000000553781
0.01,18.25,0.26780671485120455,1.0000000000396254
0.01,18.441666666666666,0.265985125523898,1.0000000000283535
0.01,18.633333333333333,0.2642004920544018,1.000000000020288
0.01,18.825000000000003,0.26245179950511105,1.0000000000145166
0.01,19.01666666666667,0.26073806746462924,1.000000000010387
0.01,19.208333333333336,0.2590583486850707,1.000000000007432
0.01,19.400000000000002,0.2574117277796234,1.0000000000053177
0.01,19.59166666666667,0.25579731997743443,1.000000000003805
0.01,19.783333333333335,0.254214269933011,1.0000000000027225
0.01,19.975,0.2526617505875097,1.000000000001948
0.01,20.166666666666668,0.25113896207940684,1.0000000000013938
0.01,20.358333333333334,0.24964513070219052,1.0000000000009972
0.01,20.55,0.24817950790683901,1.0000000000007134
0.01,20.741666666666667,0.24674136934695157,1.0000000000005105
0.01,20.933333333333334,0.2453300139645371,1.0000000000003653
0.01,21.125,0.24394476311454638,1.0000000000002611
0.01,21.316666666666666,0.24258495972633828,1.000000000000187
0.01,21.508333333333336,0.2412499675003721,1.0000000000001337
0.01,21.700000000000003,0.23993917013849214,1.0000000000000957
0.01,21.89166666666667,0.23865197060626284,1.0000000000000684
0.01,22.083333333333336,0.23738779042588637,1.000000000000049
0.01,22.275000000000002,0.23614606899831073,1.000000000000035
0.01,22.46666666666667,0.23492626295319455,1.000000000000025
0.01,22.658333333333335,0.23372784552548526,1.000000000000018
0.01,22.85,0.23255030595740211,1.0000000000000129
0.01,23.041666666666668,0.23139314892468688,1.0000000000000093
0.01,23.233333333333334,0.23025589398604365,1.0000000000000064
0.01,23.425,0.22913807505473938,1.0000000000000047
0.01,23.616666666666667,0.22803923989137376,1.0000000000000033
0.01,23.808333333333334,0.22695894961689989,1.0000000000000024
0.01,24.0,0.22589677824499657,1.0000000000000018
0.1,1.0,0.7960166653520209,1.3088684174100043
0.1,1.1916666666666667,0.844608500309093,1.3573651751921956
0.1,1.3833333333333333,0.8925820886132256,1.3921190963750874
0.1,1.5750000000000002,0.9361669827595163,1.4076649063909425
0.1,1.7666666666666666,0.9702665000847102,1.4006722419687414
0.1,1.9583333333333335,0.9897259621798721,1.3719795288035432
0.1,2.1500000000000004,0.9914810441102793,1.3269930968271915
0.1,2.341666666666667,0.9762361416163552,1.2737826702349473
0.1,2.533333333333333,0.948196884354455,1.2201343569793153
0.1,2.725,0.9130413546017812,1.1714816021598815
0.1,2.916666666666667,0.8757823438850976,1.1304655228146736
0.1,3.1083333333333334,0.8397373433763592,1.0975862301622017
0.1,3.3000000000000003,0.806569663286693,1.0721233463817552
0.1,3.4916666666666667,0.7767962005112227,1.052861236788694
0.1,3.6833333333333336,0.7503034715519715,1.038519668398205
0.1,3.875,0.726706146048079,1.0279561035966154
0.1,4.066666666666666,0.7055494801588151,1.0202321437241153
0.1,4.258333333333334,0.6864055537690619,1.0146127998184544
0.1,4.45,0.6689093590660009,1.010538840694661
0.1,4.6416666666666675,0.6527650644920506,1.0075925065053164
0.1,4.833333333333334,0.6377395146838905,1.0054654259960605
0.1,5.025,0.6236516010123672,1.0039317720595924
0.1,5.216666666666667,0.6103614469592364,1.0028270514286757
0.1,5.408333333333333,0.5977609542161355,1.0020318886701611
0.1,5.6000000000000005,0.5857661179970608,1.0014598757257884
0.1,5.791666666666667,0.5743110306094258,1.00104858386304
0.1,5.983333333333333,0.56334331745372,1.0007529707700509
0.1,6.175000000000001,0.5528207176757404,1.0005405718909823
0.1,6.366666666666667,0.5427085480537652,1.0003880067981021
0.1,6.558333333333334,0.5329778335543381,1.0002784479383504
0.1,6.75,0.523603933848633,1.0001997902789537
0.1,6.941666666666667,0.5145655352148888,1.000143329706523
0.1,7.133333333333334,0.505843909876824,1.0001028098250309
0.1,7.325,0.49742237026293046,1.000073735052015
0.1,7.5166666666666675,0.4892858649907636,1.0000528759564875
0.1,7.708333333333334,0.48142067780221565,1.0000379132366028
0.1,7.9,0.473814201313323,1.0000271816008557
0.1,8.091666666666667,0.466454765221765,1.0000194855929594
0.1,8.283333333333335,0.45933150426972225,1.000013967197801
0.1,8.475000000000001,0.45243425535145554,1.000010010699566
0.1,8.666666666666668,0.4457534761064044,1.0000071743291605
0.1,8.858333333333334,0.43928017946303755,1.0000051411700743
0.1,9.05,0.43300588012585933,1.0000036839046027
0.1,9.241666666666667,0.42692255009523844,1.0000026395039143
0.1,9.433333333333334,0.4210225810982084,1.000001891060647
0.1,9.625,0.41529875237549363,1.0000013547507156
0.1,9.816666666666666,0.40974420267848227,1.0000009704777502
0.1,10.008333333333335,0.40435240562476615,1.0000006951610427
0.1,10.200000000000001,0.3991171477743934,1.000000497920748
0.1,10.391666666666667,0.3940325089441903,1.0000003566245248
0.1,10.583333333333334,0.38909284439086,1.0000002554109628
0.1,10.775,0.38429276857682104,1.0000001829137295
0.1,10.966666666666667,0.3796271402943112,1.000000130988315
0.1,11.158333333333333,0.37509104896915707,1.0000000937992286
0.1,11.350000000000001,0.37067980200010753,1.000000067165673
0.1,11.541666666666668,0.3663889130158159,1.0000000480925435
0.1,11.733333333333334,0.3622140909516684,1.0000000344342976
0.1,11.925,0.3581512298642688,1.0000000246540697
0.1,12.116666666666667,0.3541963994136748,1.000000017651055
0.1,12.308333333333334,0.3503458359532593,1.0000000126368287
0.1,12.5,0.34659593417496165,1.0000000090467291
0.1,12.691666666666668,0.3429432392641431,1.0000000064763717
0.1,12.883333333333335,0.3393844395235868,1.0000000046361692
0.1,13.075000000000001,0.33591635943065234,1.0000000033187515
0.1,13.266666666666667,0.3325359530953651,1.0000000023756292
0.1,13.458333333333334,0.32924029809044913,1.0000000017004802
0.1,13.65,0.32602658962709163,1.0000000012171777
0.1,13.841666666666667,0.3228921350526479,1.000000000871217
0.1,14.033333333333335,0.3198343486486113,1.000000000623576
0.1,14.225000000000001,0.3168507467090415,1.0000000004463168
0.1,14.416666666666668,0.31393894288129726,1.0000000003194391
0.1,14.608333333333334,0.3110966437523967,1.0000000002286258
0.1,14.8,0.30832164466564516,1.0000000001636267
0.1,14.991666666666667,0.30561182575336016,1.000000000117105
0.1,15.183333333333334,0.3029651481725898,1.000000000083809
0.1,15.375000000000002,0.30037965053168963,1.0000000000599787
0.1,15.566666666666668,0.2978534454965034,1.0000000000429239
0.1,15.758333333333335,0.2953847165656899,1.0000000000307179
0.1,15.950000000000001,0.2929717150054668,1.0000000000219826
0.1,16.141666666666666,0.29061275693471256,1.0000000000157312
0.1,16.333333333333336,0.2883062205519728,1.0000000000112574
0.1,16.525,0.28605054349648285,1.0000000000080558
0.1,16.71666666666667,0.2838442203358288,1.0000000000057647
0.1,16.908333333333335,0.28168580017334927,1.0000000000041251
0.1,17.1,0.27957388436881087,1.0000000000029519
0.1,17.291666666666668,0.277507124366304,1.0000000000021123
0.1,17.483333333333334,0.2754842196236709,1.0000000000015115
0.1,17.675,0.27350391563813076,1.0000000000010816
0.1,17.866666666666667,0.2715650020630864,1.0000000000007738
0.1,18.058333333333334,0.26966631091139537,1.000000000000554
0.1,18.25,0.26780671484066787,1.0000000000003961
0.1,18.441666666666666,0.2659851255164107,1.0000000000002833
0.1,18.633333333333333,0.2642004920490798,1.000000000000203
0.1,18.825000000000003,0.2624517995013275,1.0000000000001452
0.1,19.01666666666667,0.26073806746193956,1.000000000000104
0.1,19.208333333333336,0.25905834868315786,1.0000000000000744
0.1,19.400000000000002,0.25741172777826293,1.0000000000000533
0.1,19.59166666666667,0.2557973199764663,1.000000000000038
0.1,19.783333333333335,0.2542142699323221,1.0000000000000273
0.1,19.975,0.2526617505870191,1.0000000000000195
0.1,20.166666666666668,0.251138962079057,1.000000000000014
0.1,20.358333333333334,0.24964513070194144,1.00000000000001
0.1,20.55,0.24817950790666107,1.000000000000007
0.1,20.741666666666667,0.24674136934682406,1.000000000000005
0.1,20.933333333333334,0.24533001396444584,1.0000000000000038
0.1,21.125,0.24394476311448074,1.0000000000000024
0.1,21.316666666666666,0.24258495972629116,1.000000000000002
0.1,21.508333333333336,0.24124996750033784,1.0000000000000013
0.1,21.700000000000003,0.23993917013846688,1.0000000000000009
0.1,21.89166666666667,0.23865197060624407,1.0000000000000007
0.1,22.083333333333336,0.23738779042587296,1.0000000000000007
0.1,22.275000000000002,0.23614606899830048,1.0000000000000004
0.1,22.46666666666667,0.23492626295318667,1.0000000000000002
0.1,22.658333333333335,0.2337278455254795,1.0000000000000002
0.1,22.85,0.23255030595739765,1.0000000000000002
0.1,23.041666666666668,0.23139314892468285,1.0
0.1,23.233333333333334,0.23025589398604054,1.0
0.1,23.425,0.22913807505473652,1.0
0.1,23.616666666666667,0.22803923989137115,1.0
0.1,23.808333333333334,0.22695894961689753,1.0
0.1,24.0,0.22589677824499435,1.0
