case,angle,epsilon,ridge,budget,phase1_time,p1,p2,risk,lower_bound,margin
0,0.8994440785391875,0.05747498599605372,0.041803170865017884,10.669316369710454,5.974071786428335,0.732309268302771,0.6320452670476728,0.0009189315485467969,8.079644685974745e-05,0.0008381351016870495
1,1.076816599985085,0.0016067101691417986,0.01758357386469267,8.737181915141178,5.802765340669715,0.9098407019491583,0.6811245952074606,0.010282965299934917,1.342337248709991e-06,0.010281622962686207
2,0.8225116293540489,6.029154243191766e-06,0.15110217369489964,24.067184798818076,15.926352735164775,0.8616864467153699,0.7943700342859502,8.412475580702791e-07,4.4187584160862635e-13,8.412471161944375e-07
3,0.6770954806003423,0.0921126289699619,0.14622022912142532,9.165023124619399,7.335732112414377,0.749607703834716,0.1640978796739755,0.0008837457891871531,0.0002539357260891017,0.0006298100630980515
4,1.102329967927292,0.00019917041249546805,0.13902672155608328,23.83267433284793,9.42666907906532,0.8319081180484974,0.2435513482502304,2.9369040124175383e-08,5.6568984392714786e-14,2.9368983555190992e-08
5,0.6861506966974644,2.7768257422957363e-05,0.15036796310094977,11.162796716412727,8.287774917881913,0.23224792188454924,0.5271391254036005,0.00010040712369673921,2.3150913836593725e-08,0.00010038397278290262
6,0.3352943499363458,2.5363170114281164e-06,0.1573206304274116,23.455036882105183,4.631962443012678,0.5077482589882395,0.014837839416606435,6.37563606920376e-10,1.9103007305517284e-10,4.465335338652032e-10
7,0.9301696978489623,0.39631397718387523,0.12564435148077155,15.469495339546574,6.524325237919874,0.6835587921980865,0.7096774273979729,2.9843373731913562e-05,2.8770229902848143e-06,2.6966350741628746e-05
8,1.1522659609783572,2.5897470239424783e-06,0.10811319822262366,2.8951609614170413,0.30749256195446684,0.6053016349736785,0.41906751074988813,0.00499478386272694,2.0509686507913168e-08,0.004994763353040432
9,0.2710480813487697,0.0033037892150561484,0.07840227333549404,17.07221920837613,0.5553525539756117,0.3059946731573746,0.8110235676105986,9.438924403850012e-05,5.654286505569389e-05,3.7846378982806234e-05
10,0.14402222926059527,1.2569058600457638e-05,0.11463229815232007,15.351484564476113,9.171746423659263,0.238185937701325,0.38795142595465815,1.882361669699927e-05,1.554837903504877e-07,1.8668132906648782e-05
11,0.20238914074036773,0.0006299549347808092,0.02388308082662658,6.876566512222506,2.181070021838313,0.9743427703140339,0.7914717340548358,0.0030456350538671855,0.00018912972028031248,0.002856505333586873
12,0.47565281133048953,0.10002464945287906,0.1720806698375684,10.881695574384768,1.5756262610896432,0.1632738327640837,0.012703007844929726,0.0013218846766878472,0.00027913692388495506,0.0010427477528028922
13,0.6835257393624593,0.00037020078595462056,0.10053159155076155,23.591184727250354,23.241869951474996,0.6278211642844929,0.7836493615588173,3.553502664418812e-07,4.8390486527086395e-09,3.5051121778917255e-07
14,0.36985908548409163,2.1422557829010437e-06,0.1092058941360507,17.311384791289274,6.780592973226609,0.6356743132460098,0.5817247478374373,1.0236793332389524e-05,6.585025943542612e-09,1.023020830644598e-05
15,0.8813452411423598,1.5892122543352355e-06,0.022528551772877072,15.731554869844832,0.5528364013271392,0.7158854930992726,0.5189562961951539,7.169679029504687e-06,5.167354541723844e-10,7.169162294050514e-06
16,0.29041970637174513,8.68834435303985e-06,0.13900045769067443,14.301779526019144,13.812951402203673,0.9409911127369492,0.17874047521968384,0.00013090731899919285,4.11087726733941e-08,0.00013086621022651945
17,0.10112764730778151,0.005538759587196932,0.1959441226747437,7.829020870951897,3.4491986504912235,0.622607469598292,0.893340986417995,0.0001295227154830112,0.00012249060428327042,7.032111199740764e-06
18,0.545181165126433,1.5109310987552056e-05,0.10883439360865739,15.558170559771675,9.43858437373691,0.7719604632287641,0.9370381691050105,0.00013557403996928473,1.958464448261975e-08,0.0001355544553248021
19,0.3355810543714336,0.00016883478090214606,0.04045400294454036,14.02449925534839,14.023088497743961,0.8579809184518254,0.439899001780904,0.0016628518422598284,1.1067204291427553e-05,0.0016517846379684009
20,0.5930550888714026,1.2847488715264656e-06,0.169399463924768,13.824335637296127,1.4073009003220156,0.2854475891152465,0.7972634555831976,1.396114080946938e-06,3.8531999040151737e-10,1.3957287609565365e-06
21,1.4459592689551515,3.6256510478805724e-05,0.14961092051402114,5.469754958030907,1.6949167630036712,0.7423749209419711,0.9123097941351841,0.008557892546106676,4.552851127492407e-10,0.008557892090821563
22,0.7993851607317061,6.7818801328297464e-06,0.04751886315507512,7.193985142068356,2.28650817533208,0.2361210361801649,0.6496539887940334,0.0011453896866488512,9.415392325397903e-08,0.0011452955327255973
23,1.0270687723840672,0.0003402641011920574,0.15714501234932118,20.965138273264284,19.531855924563846,0.12590763960102314,0.9496153403179035,1.4502719124546842e-06,2.523253151359121e-12,1.4502693892015328e-06
24,0.949325701763727,0.018238304759029614,0.0804759166772508,2.5721334602063726,1.1176664799713532,0.3432196957938125,0.9053030068555289,0.008767707765214966,0.000697715597905361,0.008069992167309605
25,1.4607632610220695,0.01827599224604206,0.16209119542441047,21.49448068531491,10.464482465836198,0.17476746504496488,0.3018513737333538,8.056657027199022e-09,5.082393927927472e-16,8.05665651895963e-09
26,0.6355911726126563,0.0009097521331150134,0.08802966174680521,17.123072774856876,14.484787942777146,0.9559509469754043,0.3407399803053167,0.0007264454983702801,5.102014289525411e-07,0.0007259352969413276
27,0.3573453156118416,0.5961497290145082,0.07494284809379269,17.575362769114594,11.15046171616162,0.761198388276036,0.5500264622144323,0.008619717729288963,0.006185952843224532,0.0024337648860644316
28,1.0615652467527235,2.0963040430135408e-06,0.1433695008624911,4.985090279626972,2.2214409120226732,0.7845121482898754,0.597076333819508,0.0018365655509338446,4.634972072367571e-09,0.0018365609159617722
29,1.2509470906773188,0.0006947160869978026,0.08768229747652029,15.181958397745566,8.70493414750739,0.008147989500094877,0.3676119838556384,0.00020110445748047447,7.231739130692317e-11,0.00020110438516308317
30,0.6504743362569876,0.00017068044629983166,0.10287547500074073,12.44412732125925,12.258954456139598,0.5154052655464871,0.883619288918637,9.451299253689731e-07,3.289989116154195e-07,6.161310137535536e-07
31,0.2497763643453834,0.0022649918194691666,0.1202908768253289,2.213850080886521,1.3680336185991446,0.8710440948202598,0.3794424653756193,0.005564695067303772,0.0005827851301635578,0.004981909937140214
32,0.8512682509229392,0.0005137246754726534,0.00040170294330279523,5.305315283652287,1.4617661259941166,0.5361113135031368,0.8699052017839792,0.004403456161465113,1.819870672021066e-05,0.004385257454744902
33,1.4160524498359164,0.3327906436039813,0.11751000028193473,14.249052066347502,14.149989802714904,0.2647174648017776,0.5475228280331059,6.516367436497026e-06,8.091433221562267e-10,6.51555829317487e-06
34,0.7950288016916423,0.00010512200764773496,0.013111412188627703,10.47830243468093,0.4505985197251768,0.8641823300225204,0.4333181239742959,4.714819964309867e-05,8.469499494289667e-07,4.63012496936697e-05
35,1.4644671830665978,0.0020590202511273537,0.07426126170745768,17.66474475289874,10.82137362640461,0.3505422277737359,0.8318472401416028,3.15922296564399e-08,1.1677921676811757e-13,3.159211287722313e-08
36,0.6242399452096111,0.19595976153136696,0.15554852496097193,22.92761202463245,11.725875014895092,0.8283616886862759,0.09695320226026183,1.1064085327532611e-05,6.824007736686876e-07,1.0381684553863923e-05
37,0.9694700400736347,0.00458213939141693,0.18086736599298686,8.859638842744669,8.832665098990072,0.36663080648866553,0.08785852930957283,2.408699210490474e-05,6.346160396831186e-07,2.345237606522162e-05
38,0.15696522018386685,0.4372405015219674,0.006274713165569757,2.5600078352151354,1.7341207033412727,0.231162682417406,0.7685475561243753,0.2090789223658248,0.20013607609037415,0.008942846275450639
39,1.0765097059707371,0.025716127835941856,0.018671543518052225,16.39542098889296,16.113780121166553,0.2616617888052949,0.10216163828217506,0.00010375643986113589,2.838545160088721e-07,0.00010347258534512703
40,1.4344977521727307,0.0001057081378664522,0.18002497307570545,10.097862344961175,6.209692435312953,0.9791225060321541,0.5365595586593096,0.0001398946343005601,4.17662645524713e-12,0.00013989463012393364
41,1.475506530338125,0.46784356972759455,0.18548177999720197,14.950758316659899,2.7586755503216502,0.3262186143627065,0.7427263487466425,6.674962689260098e-08,1.1013422605243597e-11,6.673861346999574e-08
42,1.2770581162723407,5.050963062243382e-06,0.04188802074474494,22.123047903580588,3.2004668440557453,0.7843559008433266,0.01981954213117576,9.208637487685445e-05,4.95119747989392e-15,9.208637487190325e-05
43,0.17231064624372178,1.2237041609397842e-06,0.09754513125485459,16.63985415682487,9.767072217161346,0.48445016268859675,0.6554439895860743,1.3103218302328293e-07,1.806473994400916e-08,1.1296744307927377e-07
44,0.9605558549271568,1.5375529319113509e-06,0.0054037768426572486,0.13819864582178332,0.09799629164564531,0.7010356902025058,0.4946183961590299,0.40192408731862816,2.376480763349852e-07,0.40192384967055184
45,0.3432625858015646,0.000547755139112683,0.17076528424237986,16.24391503496372,7.963119286422032,0.501555427800027,0.5829277083791983,4.192406908388635e-07,3.6678676654533044e-07,5.245392429353304e-08
46,0.44458067821428093,0.1240033561339036,0.19017599695751708,16.088145525305993,12.276329701197465,0.28843118814987967,0.20892172277607024,4.341096206774285e-05,2.327358757938261e-05,2.0137374488360237e-05
47,0.5097066141821193,0.019129918757754584,0.035874877115564606,2.6656550305596607,2.2561875146654766,0.2710397285310705,0.8292258636008003,0.011776884443635168,0.004289250273490181,0.0074876341701449875
48,0.4971526892602842,1.9754155087938908e-05,0.14891616367098623,4.854996130362551,3.424574849254965,0.8882639653357955,0.7874819926485731,0.0034648435507279264,9.984490275451785e-07,0.0034638451017003813
49,0.7838603806096619,4.5806359819568785e-06,0.19060404386918897,14.864413463407882,5.508336340217118,0.742845240568557,0.4465253526525357,1.6185063490125267e-06,5.1943424290655166e-11,1.618454405588236e-06
50,0.813852478182067,0.00015915759166484984,0.0868954060538624,3.3870484250798563,0.022910652217662156,0.03587016350956884,0.9528508987757776,0.030679130137643035,7.208428887755652e-06,0.030671921708755278
51,0.454539565093834,2.4187775899184238e-05,0.05988083753408198,13.571954925183581,4.582655239310035,0.7866049625384308,0.5481445216196794,0.0005250233147054031,4.843775662275319e-07,0.0005245389371391756
52,1.3012966820844787,0.0649505114209669,0.09285381245275431,14.491184852527406,2.920723167246403,0.45854344087562937,0.3669515932662538,3.3046765111079013e-07,3.763319153695527e-09,3.2670433195709463e-07
53,1.4394508952775937,5.119706767049713e-06,0.09207907123781578,1.963383683112143,1.2748620686256815,0.8049811131211538,0.7808059356028237,0.07161715949664547,5.552710494189496e-09,0.07161715394393497
54,0.9531118004444409,0.0038178885941027333,0.0465531557711258,12.113932957850347,4.3615120158345,0.3450225702791344,0.03057457790249707,0.0011639672275525852,1.266011806472245e-06,0.001162701215746113
55,0.5993201741641183,0.0001304449231310411,0.07816642518014257,15.78986143347162,11.330258192080732,0.020942965174396866,0.7449674913386656,0.0013580763912831133,2.4037878269419847e-07,0.0013578360125004192
56,0.35556201329215287,2.575472244035773e-05,0.19077968639574433,19.663818146543807,0.6847154003750998,0.5065940471152568,0.21149326145881908,3.5882312753287086e-07,1.8242665861760599e-09,3.569988609466948e-07
57,1.1780509938036552,0.00021874629731528355,0.1664780524223949,23.5357065457976,21.58725270389898,0.8145424843161947,0.4310016157084724,1.3836331392527673e-08,3.104420710263661e-15,1.3836328288106962e-08
58,0.9747606820182421,0.36865970822113514,0.04318424621483039,10.26801845774657,8.652914904621655,0.4931806376390552,0.5926337269363223,0.0008546217474170718,0.00026480247064195213,0.0005898192767751196
59,1.3496883893351364,0.012867382208295183,0.01941992009042517,23.336287275405088,22.82497199427568,0.4904640468321757,0.955829024309016,3.8627036121584204e-11,1.5303796854322448e-12,3.7096656436151956e-11
60,0.6346146799629295,0.00011641231650622797,0.016573728798799394,17.439315341700297,0.7128615435920581,0.7156677903352885,0.036871465862489794,0.0016326593911242509,7.099297057102555e-07,0.0016319494614185407
61,1.4143971885491087,0.00010068349789121163,0.13793022228176474,10.086590901231858,0.9171249789326553,0.8413547098177914,0.5870372911301467,5.149972717593662e-06,1.5142805253171922e-11,5.149957574788409e-06
62,1.1403654329694919,1.0068381212996876e-06,0.0984733634424815,6.118288618942402,0.7355808141542304,0.8786049812033936,0.5495973603277784,0.0004259215000763277,7.430511072834806e-10,0.0004259207570252204
63,0.5463326217543167,4.3853028160587945e-05,0.09195379079124977,9.968711399181231,4.669609264894203,0.08962884206024702,0.46377011304949756,0.0014841724159569455,5.99690341682102e-07,0.0014835727256152635
64,0.5783133649343062,0.8917850679249192,0.10518264365794894,4.109770245445257,2.0392532178334886,0.4535140457062016,0.02247654145997824,0.12419038495955387,0.06751008862189008,0.05668029633766379
65,0.6454476787940225,1.181482435813673e-05,0.030348357836168627,19.44723688361049,10.932969386090683,0.1399360861007295,0.29072621260117026,0.0008510595140050474,2.315421341372483e-08,0.0008510363597916337
66,1.4451415490892208,5.059903654519145e-06,0.07531050781687615,23.381414302999925,19.288452233027208,0.4695492477065113,0.413103268749769,1.9568717011215726e-12,1.541315164098267e-18,1.9568701598064083e-12
67,0.48096970095442093,0.017946181298988232,0.14113312578438839,7.3100831846936805,2.3211378692212143,0.021970031014257985,0.7682453795763983,0.0019695731089712136,0.00039087969673187744,0.0015786934122393361
68,0.8796390374821161,0.0013116775931979773,0.08641720069190945,8.666774848104206,3.4219724921646484,0.9466924925598811,0.5684174974717515,0.001916564840224511,2.572957099490597e-06,0.0019139918831250205
69,0.5855793609648662,2.257811217962447e-06,0.19431994616238815,10.07138546749394,5.709776178887293,0.44731556234676373,0.5717323696957248,2.2278134922334612e-06,2.9223449882966438e-09,2.2248911472451646e-06
70,0.7551102858755098,6.261012012274511e-06,0.10717720844677539,5.77344119870648,3.9774752011525303,0.5419158473710888,0.8058395694585886,9.861402647047501e-05,1.0026056995508473e-07,9.851376590051992e-05
71,0.8576092483481038,7.911744804887564e-06,0.11745546482499236,24.90021111821658,5.04457305552363,0.4261391542462385,0.9791984637690443,5.409152056713997e-07,8.900552342136716e-13,5.409143156161655e-07
72,1.4919367293856,0.00041031382510175074,0.07957257484631303,9.351131013591576,5.536729451398984,0.46264866751370604,0.20234386068246646,4.7476523027525184e-05,5.216354965852427e-11,4.747647086397553e-05
73,0.9579170123405426,2.6246728259163067e-06,0.04848770150650217,23.664845903315477,16.050584555260944,0.6938488009241295,0.18036242229116295,1.5421210877853473e-06,1.8854973120939622e-12,1.5421192022880353e-06
74,0.7732433283505044,0.5075915808595386,0.15143744376012439,18.440549695667105,10.391344545979328,0.6299623468137938,0.7955047924744038,1.5433421957366755e-05,2.5763878294983614e-06,1.2857034127868394e-05
75,0.45301082350283306,0.00011431600562243536,0.0905578002230147,6.58504851130232,3.9334338865930643,0.855294369025445,0.08155177648176903,0.002518422395691048,7.216033099373693e-06,0.0025112063625916743
76,1.4798080779041671,0.0002600415020569292,0.06787197753085002,14.38390246693078,10.839415050758806,0.3069589925086481,0.4138013325883456,2.197585142848046e-06,3.188371296242164e-13,2.1975848240109165e-06
77,0.46345966580718323,0.11890069455927366,0.11485563537227142,8.48072897907635,4.248763953062606,0.6389793686269885,0.6138407021588461,0.0038096766688561104,0.002771656286158593,0.0010380203826975175
78,0.33579741384730727,0.0021672383710842165,0.05225236468956851,9.080447986135617,4.075046395354965,0.7617594459707471,0.7766613563326216,0.001397806913710152,0.00022520350061668848,0.0011726034130934634
79,0.5022241607802849,1.981042175204539e-06,0.13653042758154918,9.039612950818679,1.0203855020170756,0.6838627618466577,0.06467717755326752,3.1736049513166356e-05,2.111527445332601e-08,3.171493423871303e-05
80,0.23180411385349023,0.0009892694838200416,0.08918369978745222,13.499730172594392,11.14703400739245,0.3865781185923669,0.1613562122066,5.572408649516357e-05,2.938887231016457e-05,2.6335214184999e-05
81,0.4508549243259369,0.03335759083586977,0.07348071584757894,20.859997434940308,1.455740082508154,0.884021660799611,0.8177801403409473,0.0004350188373442517,7.835789204526773e-05,0.00035666094529898396
82,1.3946839485337894,0.14496361349464676,0.13077845518570105,6.56032718918121,6.396852594080442,0.6640909266173486,0.840642201071156,0.0005610182651301187,1.7871842427545681e-06,0.0005592310808873642
83,0.5015256584019018,0.0006925049704158179,0.1009639184622418,8.754186174347979,5.261014774093746,0.6072564193256329,0.25824744250046217,0.00012555002681948586,1.546437155488289e-05,0.00011008565526460297
84,0.5498565051094162,4.627606026742923e-05,0.053213375680331756,14.190113908522157,0.35326460654995073,0.4709644688210942,0.5687187239657443,1.0610443120192002e-05,4.5873137780961616e-07,1.0151711742382386e-05
85,1.3913686559760625,0.00019431817124005753,0.11877788021195389,1.99971532519281,1.7112739238455397,0.5628047578173241,0.8759701544171357,0.03271966393876257,3.7223251532906013e-07,0.03271929170624724
86,1.3613320995933316,3.3796846088689496e-06,0.11566752536087888,18.542761999224428,5.6798208241577965,0.734824219709201,0.3575078752340891,5.1139466710168866e-09,4.1903636038510253e-16,5.1139462519805266e-09
87,0.2960537038690366,0.31402750544998675,0.0598147747044131,20.649698272493097,12.956240781650319,0.2334322316307489,0.04072809154624779,0.008539756397392415,0.004946600615221703,0.0035931557821707117
88,1.228295996314393,0.0018944587172972194,0.18161776779610797,11.451275297806394,2.3805335471751383,0.4814094416738336,0.9313207750191627,2.8188764603454307e-05,8.303757802832307e-10,2.8187934227674024e-05
89,0.5326116185040022,1.015065019908298e-06,0.15715767703717518,1.6881705184057043,0.3740356205174325,0.9680822960813567,0.9829626194630681,0.02817920489809889,1.7537141766218428e-07,0.028179029526681228
90,1.3519633954541992,0.0010263287482892554,0.1211182061059494,5.738970181075154,3.701720821980972,0.440368952548318,0.2714024842696804,0.00037321763209066037,6.736922253069936e-08,0.00037315026286812965
91,0.3490188170977492,3.795145866162251e-05,0.16678004949368092,1.1336680235139076,1.0293843498789594,0.909977958984958,0.2995576471344884,0.04160367967908273,1.0721953312377213e-05,0.04159295772577035
92,0.6610620132175643,0.30311175204422275,0.16277515225604527,9.237881720736672,6.809834919274792,0.5721847906266699,0.9076408843164132,0.001507309780465326,0.0006665756653488057,0.0008407341151165203
93,0.10503524944292564,0.0001747066903537489,0.09133554032826091,15.438397386843919,4.750122415210683,0.34345262104944163,0.4368505860285983,1.2191438695901707e-05,4.728825196077939e-06,7.462613499823769e-06
94,1.1551243030338727,7.432775341533271e-06,0.11039036616890473,23.877747785635187,14.749968135084492,0.5309461275014686,0.9326513813280126,5.911953878342635e-10,2.0438308192437046e-15,5.911933440034443e-10
95,0.6173332660261712,0.002353825991617791,0.19771489090499703,10.229381737214599,3.868111224167769,0.2761574033229569,0.534238156607998,3.5964114268272975e-05,2.0739780923560847e-06,3.389013617591689e-05
96,0.1519894434194771,0.0284596174856896,0.011220712174171955,23.146360949306178,13.069126179736259,0.27498045589484266,0.45481096754626493,0.006955515318829693,0.0063336458044292105,0.0006218695144004829
97,0.83091761875714,0.00010922246359304953,0.17799628431760697,14.676075833900878,9.905604045878798,0.23509914709375146,0.3678023627588517,4.8700990703215265e-06,1.1201572841952542e-09,4.868978913037332e-06
98,0.9429656490546594,0.0007437375744945024,0.0055944132465238555,3.39577725372313,1.7461178501508634,0.07562839179818981,0.8970349117339327,0.009817667691443897,3.0425634480638433e-05,0.009787242056963259
99,0.6549625006653312,0.4154711408254736,0.12889555859593918,14.335423243690995,11.102594034071178,0.15289479203302847,0.9644424317163242,0.0012075155046488242,0.00016706329644712752,0.0010404522082016966
100,1.4194442264654883,0.687029078257995,0.1308644915985033,4.6120308991420815,4.458770355283972,0.47270854586604993,0.8274920329462707,0.0028145107754603653,4.649272396872275e-05,0.0027680180514916427
101,1.3233768549633234,0.005193070504759494,0.10526491168228674,24.377896652743082,4.837898932582311,0.2508589690581484,0.11794966286400632,1.2329808451731998e-06,9.313422040632639e-15,1.2329808358597778e-06
102,0.2215035296341474,0.05817326638075717,0.19048319240467426,1.72886537360593,0.23236885011440694,0.7086817109474758,0.12656460725556162,0.02372208284934037,0.013734755891254655,0.009987326958085716
103,0.6340146722668887,4.848425694032665e-06,0.01360680517810875,20.624690554242296,12.87501927862825,0.036005152827015996,0.7248007048035122,0.00448834641550022,1.6305509505384054e-08,0.004488330109990715
104,1.1112570539648525,0.010014888048896171,0.05679477321585724,14.379697867920742,1.038303143426912,0.15163619431118425,0.6353898272523248,1.280083229911394e-06,6.441208969618269e-08,1.2156711402152114e-06
105,1.4118439180891476,0.9854348714571347,0.06169408003203099,3.508226289523622,2.4016938191761192,0.9011830460228253,0.46178003141602153,0.06653775109753284,0.0004178644480608439,0.06611988664947199
106,1.1728275429428994,0.758239847916191,0.05289672847476517,19.21289955633955,7.530311283717422,0.9365232609596402,0.5832434273323102,2.3116806329229013e-05,5.785394661847864e-08,2.3058952382610535e-05
107,0.36094564532154116,2.0230541751643333e-06,0.0997502393654677,24.624840391445215,17.36004556556597,0.029637848889554896,0.9460455977058924,7.611079044803263e-05,1.331880730051659e-09,7.610945856730258e-05
108,0.41280351483084665,0.00023616885850546423,0.054223938597626226,24.898376851590818,10.048494847571593,0.7113983257881032,0.7790846886400962,6.218197620441745e-05,8.222379066077334e-07,6.135973829780972e-05
109,0.9524496556776035,0.00010001065248841093,0.060597042100331726,3.5071923459189396,1.618605856118779,0.6340122630439295,0.7722394056751043,0.0063527153536069355,2.5154162678491818e-06,0.0063501999373390865
110,0.18745616863832937,0.03254562821806631,0.05244953698472854,11.527782014209114,4.369808796018898,0.9765637327088331,0.18944638306828332,0.005361454270712946,0.0038303071440546023,0.0015311471266583436
111,0.49357583443305253,0.29358043721973376,0.014725530803295174,9.84165535903098,6.661046960890072,0.38557119431135156,0.7051867999088618,0.03719512825948334,0.026319159066069072,0.010875969193414266
112,0.29295204688279064,4.9527444853841245e-05,0.0894480092678947,3.4727685047274384,1.4124644296341735,0.6551842188364777,0.07175164554882008,0.0003007547347365925,1.0517943095098107e-05,0.0002902367916414944
113,0.6859608787145992,5.1910830974984934e-06,0.04375970979787676,15.245831694879028,14.837707784066387,0.37195677640677405,0.8175121883406778,5.6088416773237994e-05,1.3012953849350648e-08,5.607540381938864e-05
114,1.3500569724897749,2.3983283299899894e-06,0.06861302988057075,22.10807433277342,18.753062141765042,0.8351364420690369,0.7352505785103601,4.673835117330818e-06,8.766660377939149e-17,4.673835117243152e-06
115,0.6422031656958808,3.809606141482733e-06,0.12455874569606191,17.9267782948407,16.856555217610317,0.1940103474321544,0.9593480994443316,2.664815469836231e-05,3.9475501210840753e-10,2.6647759943350203e-05
116,0.7000234703896157,0.002137050690275626,0.03652475414000635,20.525409960433933,3.0480630937749473,0.3694127279974898,0.8096920432020288,3.5682839177031936e-05,1.1178774747036482e-06,3.456496170232829e-05
117,0.5624539250287818,6.405375585248916e-06,0.13684583357760524,23.51148589486859,3.242233286308668,0.7282956699906695,0.6671665857654278,6.607845413117025e-07,9.83020294753899e-11,6.606862392822272e-07
118,0.8787008342481141,0.007705126915745843,0.1715724783686694,22.672231395837155,0.44203625943937186,0.16962245216030303,0.35620777442099916,7.548518896236402e-09,1.7944730925834192e-10,7.36907158697806e-09
119,1.0660437005378856,1.186042458433644e-06,0.17724049332142922,2.6024883865852204,2.453667823085741,0.7591894588278265,0.23792563165723302,0.01175337832011406,1.4378256652209093e-08,0.011753363941857407
120,0.32881635134208,0.00028186888021047943,0.11866730531510217,9.086064185083918,0.86320955476128,0.6334927807996568,0.9270709676945564,0.0003915140978409001,8.979524602128671e-06,0.0003825345732387714
121,0.12900650793673246,0.0023814008420173,0.020491949941014775,5.405703047251196,4.022194825363618,0.8163294822347004,0.17776482898675539,0.0015351646964635135,0.0008970762126010928,0.0006380884838624207
122,1.1000507411021132,0.0007912450239860676,0.09894301654651634,1.8992406456052533,1.6837300185802475,0.7000832741596412,0.25171347541056344,0.0279316116248798,1.9796267507097943e-05,0.0279118153573727
123,1.0245201149010146,0.24208565956968417,0.01188620481612559,8.862993224819142,4.283313200836758,0.23928653631031538,0.45253259087637965,0.0036077706503111606,0.0003742313351486122,0.0032335393151625485
124,0.5091902123317277,0.0006484172571151322,0.1753478580569063,1.838018261659292,0.8718511631414078,0.023527073295514844,0.7993347741405281,0.01007618037020121,0.00010275119302602362,0.009973429177175187
125,1.3587500961882208,0.06821894588977899,0.12233036652265238,19.7195099567006,3.8796904293234094,0.6425011904633043,0.764341382225785,8.046066731755909e-08,2.1001559083972103e-12,8.045856716165069e-08
126,0.9748971591225606,1.0694011278187353e-06,0.17537907370131772,21.049308993812456,7.64418106757034,0.9005350656576948,0.01828387714778057,5.356645577282639e-06,1.0211524166694274e-14,5.356645567071115e-06
127,1.4067104114049487,2.2297034965854065e-05,0.05035894209130037,20.624411627141072,0.6603305622278335,0.24511975040892187,0.46120428954566206,3.519384921675749e-10,1.1950768262000429e-15,3.519372970907487e-10
128,0.6903428256608002,0.04594445855836231,0.16767503925421917,21.771950440763618,7.647912618959084,0.46163598247324944,0.89374292384787,8.052711696020965e-07,6.301274365181171e-08,7.422584259502848e-07
129,1.3742214116267593,0.0001941437580002328,0.08712355431060209,5.292826003553752,1.897938595984392,0.15049559313052763,0.9634232559741536,0.00033578407025156525,2.081241907435052e-08,0.0003357632578324909
130,0.15733543131853542,3.2554446048475466e-05,0.012887891422852116,9.410807480828387,9.27281324866406,0.7460720887117962,0.7010077312170517,0.0005566372510033815,1.1090612743128525e-05,0.000545546638260253
131,0.19579568082075058,0.014039124933642868,0.011753556393201792,20.62376992341584,1.8272640722598754,0.5766722017859571,0.7780006858493437,0.0033661622847974736,0.0028045906058018094,0.0005615716789956642
132,0.3669030258198456,1.6898846909928442e-06,0.03548403408629335,0.8147054679657969,0.07437330034649299,0.7882546759935081,0.14508667455554625,0.09998476307957259,6.581774536175367e-07,0.09998410490211897
133,0.3310724970059802,0.060113120845642055,0.1807169139128446,3.653653408777419,2.5380365148022004,0.3130040397752576,0.6754479225329086,0.0070862049481087335,0.0058852003289489195,0.001201004619159814
134,1.243346229941499,1.3276095860210164e-06,0.06114014170095699,24.372264628969372,11.47943267215944,0.8096870175305967,0.8309265208615895,3.257388922680998e-06,2.30183331602565e-16,3.257388922450815e-06
135,1.4327275308327576,0.003336442086240418,0.049409715272888316,17.625323461147556,2.6799470541393284,0.47969497367563185,0.24073933446059415,1.6774102983620188e-06,1.3873478410794122e-12,1.6774089110141777e-06
136,1.2496679596789155,9.492068041101924e-06,0.15241063468641428,6.9034396233078485,1.5658128492335017,0.15193033785482546,0.00495378106005262,0.011504323316214968,5.116941031304605e-10,0.011504322804520864
137,1.3858874806865793,0.6529245963898226,0.028005694599057863,7.594403491584341,0.6073157239865796,0.1826716417833104,0.06315647415795766,0.08864227551779583,1.466380483562674e-05,0.0886276117129602
138,1.2132186882548999,0.00013344406631410853,0.13980962922211618,7.965663878473798,6.785452940644869,0.7858610005760276,0.2559541567652338,0.0003139585886923285,4.971369995074867e-09,0.0003139536173223334
139,1.288448162432502,0.0002048017658163363,0.09330637085429637,8.404300577759445,5.3877114319434405,0.415408318743513,0.4485366199007911,2.1345202299631013e-05,3.856125572289231e-09,2.1341346174058722e-05
140,0.2763057060411802,0.003928557696729893,0.18278366201390345,8.210785025833093,1.2853520729725494,0.8384158952356272,0.5619009120770717,0.0001711112955956839,6.618889212727715e-05,0.00010492240346840677
141,0.19929708901096604,0.05308113989480821,0.15271806186079062,0.8017942843740048,0.722727920271204,0.42279500655726177,0.501220914607653,0.10048543378412955,0.01964694291181646,0.0808384908723131
142,1.289309123930428,0.16192368413202252,0.1792851654276209,12.340561783044338,9.680488768964478,0.20823150597577322,0.370915791690679,1.1500137982794451e-05,1.0076111080886537e-08,1.1490061871713565e-05
143,0.23730037618932812,0.005468653255942128,0.14802264060678452,6.6819633771967775,0.2365106336775606,0.9017970327587579,0.14241870287702785,0.0004864078670345105,0.00029630055294656277,0.00019010731408794772
144,0.19042304246202302,0.015776916538795007,0.08604689609601142,0.6346389070024787,0.158192320936151,0.021706981542623405,0.41181810730258295,0.13466032579999324,0.006741143054290346,0.12791918274570288
145,1.0074810191453896,1.485850418887256e-06,0.1540482377137685,23.548034954685765,9.467877022738076,0.7862497463479211,0.9551438002831422,1.3184226719707253e-06,2.566961479754029e-15,1.3184226694037638e-06
146,0.8491380744603703,3.2203654227589918e-06,0.11004262401214802,0.19415476315712976,0.07606245613867924,0.8856640754860567,0.24835770010287195,0.3470329993736617,6.304039300284996e-07,0.3470323689697317
147,1.0550161828351992,0.0606992261618912,0.10186368731597506,13.945226925626912,9.842248812797276,0.8539272609015566,0.011507409820026293,0.0002570721799156355,3.673788440279707e-07,0.00025670480107160755
148,0.6452132083306521,0.0002442772974005985,0.1288468018946539,10.615549855439744,4.147300713467229,0.05835760886798014,0.20084918174137,0.0010148299832020873,5.985234283246328e-07,0.0010142314597737627
149,0.457001571528007,0.004294572572549832,0.12104970010489705,13.614196209343431,11.696418318337683,0.7789707828179194,0.4675016646274428,0.00014562828433275214,1.5836615925536772e-05,0.00012979166840721535
150,0.524940710700788,0.615851734465965,0.1776243246825132,21.235957285666917,15.219138935682597,0.9798979841115839,0.46232971452545424,6.0262495802389785e-05,6.993570275772816e-06,5.326892552661697e-05
151,0.3332976269443668,3.0492568389891064e-05,0.1359492458192745,3.059120588303897,0.7934852721613489,0.5567680458420964,0.8031422216806624,0.0012123674947716457,5.007870830151086e-06,0.0012073596239414947
152,0.10825602154783256,2.828890726838145e-06,0.057123948904839655,6.333534177038554,3.5761494018683178,0.007843630452062822,0.8541651945077585,0.0006142384496231859,6.533292392935218e-07,0.0006135851203838925
153,1.4786930305100492,0.0013520053122884814,0.07154660074508945,11.21902801208058,0.7162107927806792,0.7210477596817363,0.3417788460856741,9.068635375440948e-06,4.323474701249321e-11,9.068592140693936e-06
154,0.348793403548623,0.0014864363631710048,0.16941243228143354,17.413535029076936,14.521891160594388,0.6074774858891212,0.4170620883063174,1.5037695748008377e-06,6.300864147720464e-07,8.736831600287914e-07
155,0.43213508117711474,0.9936821705817959,0.01356700855050559,12.744064871323285,9.13124111781968,0.5466497583031605,0.030814361681399838,0.13995863760149538,0.08984601289251165,0.05011262470898373
156,1.0954656430010563,0.014259843645517167,0.01592642796359376,7.325770130029001,6.263498627339764,0.3917930647660838,0.8562723243438622,0.0004082738934936255,2.2243982956868882e-05,0.00038602991053675664
157,0.11397327784208562,0.0006725114498555694,0.05386247825452735,21.13429436295686,0.6167516069739554,0.25291531915114007,0.49374406370110946,3.806400171562816e-05,2.9696973600955693e-05,8.367028114672469e-06
158,1.0092218045421477,0.0015214192190286654,0.10224240714163163,5.462574277696567,1.8638105304055128,0.640254400688792,0.4714747354451446,0.000258574166465342,5.4921526929363115e-06,0.0002530820137724057
159,1.1769234416502303,1.5031157201899024e-06,0.15831455572998718,19.59835802434547,9.120337283429807,0.10291007958835807,0.33329834616866705,2.627556854982846e-07,1.2708286459868479e-15,2.62755684227456e-07
160,1.2192606783554423,0.04779505583357739,0.15918401309791497,16.083221404265476,15.158558372329992,0.45262770957074727,0.2804160288065056,6.627201395643031e-09,4.4553680612111116e-10,6.1816645895219205e-09
161,1.3747546250020677,0.0002119042655922199,0.032831124987597105,8.067822222827935,0.8574047427251339,0.3996591003246348,0.24019162202583688,0.001661770969861281,3.5715662030904745e-09,0.0016617673982950779
162,0.7942076574951668,1.3200333747395587e-05,0.07479625159175372,14.738164788696864,11.448903509970302,0.422261767958067,0.9923221332307439,9.413989852296439e-06,4.350494270511184e-09,9.409639358025928e-06
163,1.0993226038634227,0.7745920099472182,0.08286573708876928,3.376541292746587,1.9333459491686624,0.11226534735447691,0.40366189106381123,0.07491044680506889,0.007229980746134266,0.06768046605893463
164,0.37610298499804784,1.023092952273644e-06,0.15265307427967434,5.109045772083724,4.885085282923394,0.9973504790427798,0.3944313675247505,0.003491002317384008,6.507815600962561e-08,0.0034909372392279985
165,0.7958696608298572,0.29574878335986793,0.19945014981079506,18.453337832204934,18.436394217993932,0.5753400355881997,0.20585302209440248,4.3398190659408806e-07,1.8024431054222663e-07,2.537375960518614e-07
166,1.0165445511043232,0.05478328965507265,0.16794025767002246,12.73081934184635,10.922563908063742,0.6592668922673705,0.7989014556923932,5.213655506278244e-06,2.535287331197051e-07,4.960126773158539e-06
167,1.4189815414610931,0.05749518689797704,0.050834648902927174,15.749053336845163,6.327151591788148,0.07833078567925966,0.18243456946360592,0.0006052672280732428,2.0756826688667714e-10,0.0006052670205049759
168,0.8779274450655403,0.05530865696712455,0.08732217095510081,22.917833268072787,4.601587923961775,0.010719109061329335,0.8072892200464338,2.300879333687119e-05,5.23105323476777e-08,2.295648280452351e-05
169,1.4957606377202226,1.5734109856422854e-06,0.040794504975786676,0.489839341648739,0.03966257213342816,0.12022046245952434,0.9637090944175167,0.3056277518816405,2.7001574340963074e-09,0.30562774918148305
170,1.0934868137914613,0.002019299070165934,0.10148517134791944,18.055920521901196,0.4524277885756133,0.47215617992032466,0.5512260556487517,5.8667967167559175e-09,3.1455336910017187e-10,5.552243347655746e-09
171,0.15065260362136998,2.4578247020612743e-05,0.0592915690943455,13.136016942342257,3.786360902584147,0.6363707471276917,0.7064839124307325,4.291857742593416e-05,2.1802395516615547e-06,4.07383378742726e-05
172,0.3712899326834175,0.5506863388066014,0.019008926934454176,8.239517337552083,6.95959603740914,0.23272472051314297,0.808669304969515,0.13163396597246618,0.09970187650899204,0.031932089463474145
173,0.417366671239075,2.748226867213136e-06,0.10077499803073142,5.6007763948325895,2.6041596748184737,0.21361051377643614,0.24677846371212941,0.0017456589672634971,2.2962648386356237e-07,0.0017454293407796336
174,0.5167373834295548,0.0016148504018816975,0.03655967072719775,16.071087548460994,8.68291365579185,0.061711285925303394,0.1269007802492479,0.00430289491599788,2.3117982020061025e-05,0.004279776933977819
175,1.0366183677661518,1.7293412489786214e-06,0.06384584208905286,6.471987249999996,2.120367744228994,0.41039305367584855,0.4118346743914695,0.00023503892739686153,4.091697517031199e-09,0.0002350348356993445
176,0.7248034469250134,1.1032225431390225e-06,0.1344749102022752,16.675714586107006,0.6258796208237958,0.9115507936689168,0.22905421916776747,1.8887211768758282e-08,5.271332984159383e-11,1.883449843891669e-08
177,1.032161461221801,3.108677056068576e-06,0.09093276350625434,21.38970437284742,0.3361372052326314,0.7453258491450803,0.4300998601902063,4.229993779987447e-10,2.5004141904519087e-13,4.227493365796995e-10
178,0.3283663425562824,2.351217009660918e-06,0.14055907059599282,12.077381616959457,0.471951098980922,0.8546853720587907,0.9751593660516548,0.0003150791224061351,1.8527597238083067e-08,0.000315060594808897
179,0.5597733154343167,0.07775027911178278,0.038355589497286326,9.254940704244348,4.969617916956976,0.9488757384536233,0.09673974424676779,0.018132972401133617,0.0033422497385490945,0.014790722662584521
180,0.7841736275124286,1.9246382872751432e-05,0.12128352622916008,2.901309836107595,1.9283464185691002,0.2587552771687508,0.3831533853793838,0.006618545298361237,1.0227032258996376e-06,0.0066175225951353375
181,0.7576863301839317,0.0011853366762434663,0.1576804114118171,3.2020518533728355,1.3738830258111219,0.5739430005796219,0.528972424550111,0.0010368730597103569,4.744683088487431e-05,0.0009894262288254825
182,0.4826456843733806,2.0446663857207404e-06,0.015675676590781864,21.653366324684576,19.230602008571367,0.18227975551980946,0.17898292871476085,0.0015448800751238676,3.429236716370994e-08,0.0015448457827567038
183,1.3673146428847762,4.960066585997644e-06,0.015554117229516341,23.38187426678442,20.85355390240513,0.5027865220504878,0.23304995562389796,1.5557110722241737e-13,3.8640625467909704e-16,1.5518470096773827e-13
184,0.699958727597348,0.009866450675818558,0.049674284662307056,20.74836839398632,8.529122980323736,0.8694513563305345,0.24362753156599037,0.00023592582876718634,2.7947322230237815e-06,0.00023313109654416256
185,1.4038820720557708,0.0025432800372163743,0.1542677032364487,22.87345563608155,1.2707433904387782,0.9854119542608524,0.5409610494010967,2.0889403369419548e-12,1.5738801163763936e-16,2.0887829489303173e-12
186,1.2284511247150462,0.698761084844715,0.19407590322647994,1.9762047089917159,1.4397503357383301,0.19027609457768557,0.7546560142861847,0.07099106659981089,0.0049194853316038055,0.06607158126820709
187,0.6127288522381611,1.230674101425473e-06,0.14732048461149294,11.213577298000574,10.397177043379774,0.7716371880234665,0.14027993323983745,0.00013534957681263332,1.9672758910303928e-09,0.0001353476095367423
188,0.6649196010683935,0.00043089188952602665,0.07525631991027926,23.058805114669084,20.711605561946072,0.46829457745969216,0.7860662576281278,1.381186501127045e-07,3.0520048913651136e-08,1.0759860119905337e-07
189,0.8389904376485613,6.606605590074145e-06,0.013354379108401537,11.8200956685509,5.4579366293645055,0.31828222381268656,0.0914525733935303,0.0015753431655089946,2.130508660700689e-08,0.0015753218604223876
190,1.0753917800048283,2.5589240841982102e-06,0.047010771163744726,13.143397156594272,11.290025555753095,0.5052085871999753,0.3591588829334972,1.2519702990730173e-08,8.509336536466647e-11,1.2434609625365507e-08
191,1.0584214890634451,0.00015246149434317862,0.13052187387542794,18.227941542655625,2.938179063866688,0.12276478803483626,0.44687792201575227,1.8000793531148155e-07,1.449174051003093e-11,1.7999344357097152e-07
192,0.6504323287502968,9.543526700291095e-06,0.11665907086553262,15.612225179543767,6.715845048021777,0.8641950943653386,0.42117861541434265,6.900073099521008e-05,3.2655394564393646e-09,6.899746545575364e-05
193,0.5723667706654898,0.0016733800598310413,0.19234964666971777,20.982032438769565,19.240090179305046,0.05601542180023411,0.0944225526736936,5.256822456768549e-06,6.515095791767067e-09,5.250307360976782e-06
194,0.33785760344462257,1.7996701451170225e-05,0.068897836736577,5.5323727937019465,3.181090658422269,0.5289630516841998,0.46364451103936755,2.2039320562268045e-05,2.7334227455065958e-06,1.930589781676145e-05
195,1.2420182455503217,7.745205575750963e-05,0.0032458758253247847,4.340500352339452,4.180210654413723,0.8295997664991376,0.882311166282234,0.03688829976832707,2.0771619691726768e-07,0.03688809205213015
196,0.8784293229491349,0.0036029736533061676,0.07001573152852479,7.105710970789712,3.4197740553609743,0.002439769709878581,0.48578866846947955,0.006931491980782536,2.0778920529155512e-05,0.00691071306025338
197,0.48665618331467075,3.909284651413334e-05,0.1954149588916464,18.829637205952327,6.448930581925929,0.7609945056313379,0.6211326350752056,8.687633671259406e-07,1.0924822664768727e-09,8.676708848594637e-07
198,1.1996908016917895,1.3063792797486104e-05,0.10917360494892714,12.107242968372097,3.688679818775679,0.22892397970844425,0.2921777049660508,3.428312575384318e-05,2.7204102469551708e-11,3.428309854974071e-05
199,1.1614196528137046,0.0014319367586486294,0.08088739889329025,5.340367930461434,3.517796530994755,0.7481167547284232,0.9735319057703358,0.008786424384842428,1.920490459061375e-06,0.008784503894383367
200,0.10601608354593146,0.002799725425847598,0.19782458567959427,13.64625730552701,5.930786188671547,0.720663978593676,0.3227936247665003,7.07084123360743e-06,5.795735487380859e-06,1.2751057462265713e-06
201,1.4814515953154779,3.187074465112059e-06,0.06569459663039656,0.3402238822571009,0.07250519604934193,0.862019706963354,0.5568222263837722,0.33123438970105235,8.899322215741743e-09,0.3312343808017301
202,0.49852808261479475,0.060467653413280864,0.01785828524154063,10.012590638628417,7.39897668886735,0.6498702456140658,0.5778626399888721,0.0075523846467044275,0.004821684442793263,0.002730700203911165
203,0.7922833978111168,6.418240471218826e-05,0.09932310533516482,24.10909257330006,14.411713646229805,0.6459387839529854,0.6089722207482858,1.1873437304924006e-07,1.0035655398701355e-10,1.1863401649525305e-07
204,0.14272360330614645,9.723260137363278e-06,0.11860788583172162,20.69343227550633,7.460793339956032,0.8018551757949989,0.9285613488343293,6.3848547957175285e-06,2.848779186896602e-08,6.356367003848562e-06
205,0.13299334203029403,1.5110107500497895e-06,0.19986112962357622,24.876382123401665,21.08747152515857,0.16788149728014778,0.5440313017526466,4.102468209718428e-08,2.8619429249095997e-11,4.099606266793519e-08
206,0.23165478435134532,0.02885678890250087,0.06185629859767053,7.709053428373013,4.084580460071839,0.413582927352526,0.18007999665651342,0.0047833648848543886,0.004286259654428245,0.0004971052304261437
207,0.9917388722052063,0.009015456365209127,0.16419538946938403,11.843279518117601,10.00246417332396,0.08928696731841423,0.5605289007419255,0.00020252790574479097,1.2955534947252468e-07,0.00020239835039531846
208,0.6231508176239551,2.296469240335589e-05,0.10344932404287739,16.71013578463233,8.249679178041623,0.7814160765255017,0.2844497042349843,5.147978887606102e-05,1.0319999079365512e-08,5.146946887698165e-05
209,0.26222840269082875,0.9779781199349843,0.06535184457675301,3.3806339981808593,0.9606268215219165,0.9025069427967923,0.6844308312372732,0.28904001725595413,0.2612151050166146,0.027824912239339528
210,1.3634704629090078,2.54128247733928e-06,0.06638935001085433,24.56973701554383,4.631376555366809,0.8313948685696061,0.8295975224720535,2.432935989873747e-06,6.9221038099200105e-18,2.432935989866825e-06
211,0.3381694904701207,0.26775544663389894,0.13646681190500853,5.945541346759912,1.0930178672679591,0.4481840224637621,0.8683205437287387,0.021628692630765566,0.01679106960783326,0.004837623022932305
212,0.7569510523326476,0.3555457598947702,0.06887983653231322,9.517742244747264,1.9090896620109339,0.30100409327078803,0.802597210126948,0.007588578719774807,0.0018823556311414883,0.005706223088633318
213,0.3500337311375077,3.1356491687634267e-06,0.16450202042176543,24.122409702179077,16.73138977869587,0.2490334856119435,0.9157363108317702,5.688750561277787e-07,1.145445145228639e-10,5.687605116132558e-07
214,0.3784170039397903,0.00043772790079498597,0.19194429920511702,10.613571592506648,9.837023823118813,0.297038618104716,0.10471333670890626,3.177038416672707e-05,1.5164380403153103e-06,3.025394612641176e-05
215,0.4388099486648568,0.0017002177490248866,0.11576139626792233,2.3932295882118133,1.540369388003361,0.008896992148846983,0.14917291415534262,0.01432140267858905,0.0003190879863314056,0.014002314692257644
216,0.37888445161529993,0.011417465860589364,0.10428309600720215,23.53412549786803,17.317168028646016,0.64874597936078,0.33778945951855177,1.1943594135792065e-05,6.855922288267192e-06,5.087671847524874e-06
217,0.41647103878963454,0.00043973884341436077,0.19155572401445603,8.069513103716549,3.655990516402053,0.4365031287408895,0.6040275930286826,1.2607330242142209e-05,4.191421408401037e-06,8.415908833741171e-06
218,0.5735912565226544,0.0002039671444868354,0.15362694736839727,23.85182900133124,21.894384097701938,0.06429841178027962,0.8352596532203956,6.5759757646521925e-06,1.03861469316271e-09,6.57493714995903e-06
219,0.9314700407256425,1.8504233168601097e-05,0.08382196386362342,13.004895262724276,11.206494891842489,0.5648574859324663,0.8757761383905172,3.5524184370754236e-06,1.9623107165519228e-09,3.5504561263588718e-06
220,1.113406027592232,0.1937093987115479,0.03735178235991983,1.116891000647556,0.8977583524009055,0.05491866593138128,0.3162796896793416,0.19521972611371563,0.009313349390018022,0.18590637672369761
221,1.3722849185578656,6.180783583944678e-05,0.04658657551658858,12.804791227726426,12.741529249891157,0.06453872422607565,0.004027450764493068,0.012144505702242856,1.251345648638447e-11,0.012144505689729398
222,1.1488572429297228,0.004546941424828267,0.081689154105536,1.6222725690126683,0.46397653039786957,0.9122256747735745,0.8694580440406798,0.08609685842356551,0.00011223858100815612,0.08598461984255736
223,0.7412085624495002,0.0030845109006015273,0.12456375952416832,12.127546743238064,11.776391638840508,0.38834018249386937,0.16991650830368665,1.6456753476734344e-05,1.69809671984698e-06,1.4758656756887364e-05
224,1.139844422005954,5.096614252557064e-06,0.012493784686143816,8.924244734474735,4.355123175864222,0.1456760593926273,0.34254769328888635,0.0032532638358905184,1.9701502067016096e-09,0.003253261865740312
225,0.9111781540154196,0.0029588906266483487,0.06874294275117979,14.132255812236654,12.467868145322068,0.4121759949547811,0.3404544791034312,6.029616731848385e-06,3.346258863731412e-07,5.694990845475244e-06
226,0.47221641747305176,0.0001284285075208222,0.07056740774994122,15.512961918300439,0.36996358605858304,0.9624722463306394,0.32102907377965617,1.633489328418417e-06,1.0442502142532168e-06,5.892391141652002e-07
227,0.5058269806759588,0.0008522196574267001,0.06506274075667755,13.334820361992167,10.766455806775747,0.16141251900022457,0.14767767154419198,0.0012141913321820532,1.08271054357289e-05,0.0012033642267463244
228,1.4855378200671185,0.12779802923822747,0.05970438327281194,9.642328429843062,2.9535640445953897,0.9634916267609175,0.48532508260266527,8.119891067347207e-05,2.1620546493357635e-08,8.117729012697871e-05
229,1.3768003584602886,1.2426690956335927e-06,0.14844631135579509,24.999952639569486,18.49972336723697,0.11744221131498978,0.8076511597712938,1.2435290155792141e-08,2.3754380920127062e-20,1.2435290155768386e-08
230,1.35299656650839,4.308359026166231e-05,0.033693685058042114,5.875684074266364,1.5637435276346192,0.7322517801994314,0.11497408013058596,0.0018031250254746329,6.76358153678905e-09,0.001803118261893096
231,0.1775511391273628,7.0850888297387035e-06,0.1786771512524935,7.418462069164324,5.266580795116257,0.8416047526750692,0.2936195412614805,0.0001190454242372765,2.1556560131843954e-07,0.00011882985863595807
232,1.0537547527372226,0.0020292189162561497,0.12106342559806507,8.180311327873822,8.053997092165003,0.37730292693361,0.4580294003712435,6.739027763672691e-05,5.464604878050176e-07,6.684381714892189e-05
233,1.033518792876135,2.5070776213207097e-06,0.06822243425131835,5.274870531476575,5.1690533048658605,0.8033405817592901,0.49713542066445493,0.008445194665692005,1.2172182618614834e-08,0.008445182493509385
234,0.7101644142896906,0.6507635614432594,0.028925518223471093,0.8945248287250686,0.5845308069663552,0.2674079364514462,0.9413766874187159,0.3479212035813124,0.1430981782028056,0.2048230253785068
235,1.3429350712535895,4.832305341463967e-05,0.12745902617734647,7.853410332480348,6.153847038394212,0.11515858495669928,0.7180566164368432,0.0008000167871366452,3.812879464889286e-10,0.0008000164058486987
236,0.9082815344157406,0.2145909945228518,0.128093186279062,16.581063291173177,13.044072183964442,0.8636155743311222,0.14076843191849908,8.675934769949536e-05,9.817080535951738e-07,8.577763964590019e-05
237,1.1171127165494499,0.09860426545107508,0.07108028986454051,7.278321958426803,3.451927112362546,0.05704155474454675,0.7254496544442777,0.0031252682886882444,5.642161205940022e-05,0.003068846676628844
238,0.9188593079939916,0.00010107629032814097,0.1715046875062485,10.225014686704288,6.475603888339173,0.10815074250054335,0.3389408800310567,0.00025937188122139685,1.000051845286692e-08,0.000259361880702944
239,1.1164720382039293,0.4585511253557497,0.06589681840323125,1.3097837799352816,0.15172685119479365,0.9662411632017385,0.8376042191284333,0.2160536664685742,0.017817014067214504,0.1982366524013597
240,1.0653982260498973,0.0002820010190197423,0.10310766898753916,19.375705218251674,1.7267823407987533,0.5392986208388796,0.9700524949562168,0.0001065342303422775,2.7748019906710682e-11,0.0001065342025942576
241,0.9330887551225923,2.4120505172100884e-05,0.025962764095448867,4.090035471096302,2.7313409886684417,0.20970160070751387,0.9751212175243744,0.005649926119238846,6.605592848979978e-07,0.0056492655599539475
242,0.847133293055783,2.333995577044052e-06,0.002258862296806985,8.068106201494604,7.629914072792632,0.17091949654851912,0.7727718929305416,0.009635717240415058,3.230520278039241e-08,0.009635684935212278
243,0.227797159572208,7.967798449033938e-05,0.13427081294733623,6.491908120818506,3.276325460933724,0.907708145230488,0.5995338512585935,0.0006471648040493868,5.5925842104281325e-06,0.0006415722198389588
244,0.3486323106801391,8.937409224947722e-06,0.18634953541745036,14.53259655023721,8.551207768513668,0.9142233770785562,0.2154442417113911,2.974197208027688e-05,7.317069257331008e-09,2.9734655011019552e-05
245,0.8720757896335332,0.0005284879616515918,0.19776625680845297,22.60382753057029,19.16197162939738,0.6855426567283679,0.357243939645009,2.7598815064445214e-09,4.50497226460186e-12,2.7553765341799195e-09
246,0.7787117012846847,0.009270507858679826,0.043540119386161404,22.91354958587267,18.536869864066,0.5157824305796884,0.4356417660101105,8.991347852599075e-07,4.3301433899677736e-07,4.661204462631301e-07
247,0.7722154700227906,0.010403907804337132,0.155295786688978,11.265288979608277,2.8438452601121456,0.4582315338246141,0.5409931774675308,7.1361180593618225e-06,3.305367527698729e-06,3.830750531663093e-06
248,0.38361979254554934,0.07616154197668042,0.030761622050509543,20.724533554701985,15.074428544758042,0.3060490323793593,0.5472500802972461,0.0029847218465298584,0.0020287155196066445,0.0009560063269232139
249,0.5093528860881089,5.700638692463548e-06,0.060692198543386616,17.291337613241517,8.641024882595936,0.2238646019237347,0.29403263542847824,0.0002619491874687119,2.966084612129037e-08,0.00026191952662259064
250,1.3812754931558997,5.405729956131794e-05,0.07418960771092535,17.591396587919508,0.390717829803536,0.25738283828052055,0.7683789563706356,2.9673453977701005e-06,4.443747442038895e-14,2.967345353332626e-06
251,0.23538404022331866,0.0104346105479334,0.15228230103880958,19.59875769340283,5.944777525035651,0.8935156999620089,0.5998246123170937,1.581843573928343e-05,7.346946617074043e-06,8.471489122209387e-06
252,1.1117241676748606,0.26133383971499957,0.05780282013801888,19.123082632087513,8.446006628692444,0.011232280473940426,0.8543863282513985,0.0005177859601152017,6.670314057831421e-08,0.0005177192569746235
253,1.0482684958448167,0.01028040775472664,0.004219152909068491,24.45269837366438,16.658287888238892,0.63265687890364,0.0038661385482222643,6.513458351405572e-06,4.9889223105120065e-09,6.5084694290950595e-06
254,0.6107130477528776,0.011961799072574124,0.15205477012395008,14.485839977912912,6.493366966000889,0.03984456623493282,0.6909021379142121,0.00011588732394176749,3.574466424688996e-06,0.0001123128575170785
255,0.2153282926224552,0.0008967402399827854,0.1202685089226327,13.589077621710155,4.743331125714805,0.8470181873731992,0.4452574140750196,9.385061784602155e-05,1.1898254484372887e-05,8.195236336164866e-05
256,1.1230529439097505,0.06162158500301417,0.17153677644613863,8.764312709175805,1.825038890564263,0.1596107663571561,0.8394733143128266,8.119217998142888e-05,1.9828042490589386e-06,7.920937573236995e-05
257,0.4168882464638305,0.08690542344706847,0.08720275981755954,15.863587266251757,0.10538873781941942,0.19266290530116426,0.2601558720142476,0.0010887635547690243,0.0005869808522917105,0.0005017827024773138
258,0.7188802720661699,0.007280370780842201,0.13468709155459666,7.190421180179804,6.278017812071124,0.884378464416179,0.9013896591465133,0.0034295040795539297,5.014744292566301e-05,0.0033793566366282666
259,1.2702260080892633,0.009225449651390523,0.164897028558848,13.243601920293479,5.39659473850532,0.8716779078625833,0.8422715493853012,6.251853821643014e-05,4.5825969835196493e-10,6.251807995673179e-05
260,0.782916108785916,0.0014051976783675004,0.020292001326747734,22.50867902495997,2.9275880665677505,0.9941181600022114,0.3261003026230327,0.00013029245908765313,2.0187923398624165e-07,0.0001300905798536669
261,0.7862499100782784,0.08322351797038807,0.06956053834840673,12.432966772857789,4.907673497713198,0.45413189355360173,0.03546159017270367,0.0012645528893564454,9.58299535175536e-05,0.001168722935838892
262,0.6637077198380739,0.0031425970518611426,0.10838157876457442,0.4006570643200562,0.10244606264939998,0.29691496535186623,0.456562533152582,0.22554844479908331,0.0008209927837806689,0.22472745201530264
263,0.9147684814620378,5.664907954657887e-06,0.12619928952645507,16.14168652734199,4.22279461148084,0.7069769954832092,0.6051855706596748,1.626838854451756e-06,3.305460761496996e-11,1.6268057998441412e-06
264,0.6986872462589928,0.006745681278972981,0.14605055337313466,20.334905135922053,16.66364119112857,0.3930537492295627,0.002940957286459489,4.391435707491888e-07,4.4377231748293494e-08,3.947663390008953e-07
265,1.4033304477210524,0.0001870574995664373,0.14104898606517002,9.251718075527258,0.48776383062480355,0.1246288088544596,0.17422636794646784,0.0006508171160367567,8.571068501005889e-11,0.0006508170303260718
266,0.8930846487478237,0.07244634147667803,0.19729451884156343,7.566488358326943,5.746167343786601,0.8720321134425802,0.03205707380270428,0.0009677086022374353,4.277752325063939e-05,0.000924931078986796
267,1.1114000717214791,0.03423200897232349,0.15500020349293445,1.8066495444218724,0.5947045106728243,0.46634531042412697,0.22938121929201905,0.0316794190320632,0.0007031740985734199,0.03097624493348978
268,1.3337493982325108,2.3562806792221277e-06,0.035499084948864335,2.8466024000452133,2.038948031920374,0.08883872694823403,0.42157732367775214,0.05478106792810749,6.0116740881373266e-09,0.0547810619164334
269,1.0409219617763776,0.0011651579382825595,0.002066519413853474,13.75457152765576,3.205076259639147,0.2200456408802578,0.7101587919881635,0.00016901202366530934,1.56177363082273e-07,0.00016885584630222706
270,0.6545568128487549,0.09484745672278803,0.15137916583018204,13.773472893501847,0.3271473932313294,0.023808598564227346,0.27747047389754664,0.00011459128604152639,2.67637997715819e-05,8.782748626994449e-05
271,0.749680979075803,0.002778186350995449,0.09117318029488189,14.163362748143587,13.579736634382241,0.9705351961427727,0.5168273554749464,0.0026482928862810425,1.2616932880539282e-06,0.0026470311929929886
272,1.443858032611237,7.415391528738912e-06,0.18140502258373137,0.8930877786277395,0.8361399912840378,0.5728066159774956,0.29288469280878937,0.132900927885216,1.9700368586359692e-08,0.13290090818484743
273,1.102542354700067,3.914898027597002e-05,0.022789461236033894,21.096572341877927,5.921968437062553,0.5033778592462771,0.6396285619614571,2.7520510709920193e-09,1.432463962087085e-11,2.7377264313711485e-09
274,0.6524004007285158,0.0020361477688346096,0.19148884425066898,24.91903440444454,2.8947687876840478,0.9248673684798854,0.3703086228640545,2.777256882942003e-08,2.759810509668837e-10,2.7496587778453145e-08
275,1.278074461494151,0.015861705843138243,0.1368634023349046,11.507225613321669,3.4621887932385285,0.5935646484981968,0.10331250797463809,4.9420947375363975e-06,7.877561626971804e-09,4.934217175909426e-06
276,1.1143774303720237,0.32957363546651613,0.024212573729079256,10.185640200042426,10.130135291910522,0.9966682369161204,0.2398188197761465,0.13956086819473637,6.56339105657935e-05,0.13949523428417057
277,0.8461298164663853,1.6729251833183074e-06,0.05938145212307797,17.466110575477394,11.77606975406569,0.9491259510236091,0.48564588136920384,0.0006001445944792115,1.280258041790549e-10,0.0006001444664534073
278,0.6228894111313847,0.021367111946404845,0.07643832883456961,2.7329812041293775,1.354637254033737,0.02927578903130168,0.5595887500775415,0.01670677599126366,0.0027776516075295066,0.013929124383734155
279,0.49390688405174576,4.148285471251121e-05,0.17506572562479347,16.291010118291283,7.428592559490923,0.6056226299601603,0.5098961004106768,8.009685203435937e-07,7.647309532952637e-09,7.933212108106411e-07
280,1.493059598527592,2.7336256928071216e-06,0.03242259426522314,16.833413713684493,10.485732942446354,0.0014506782977545818,0.49229455943822453,0.00016698604759663756,5.001512191491738e-16,0.00016698604759613742
281,0.9242463669669893,3.7015864718092654e-06,0.15445318888418225,15.527436285206743,14.463490853976683,0.32845465585372224,0.5269182129863672,8.712970682377069e-07,1.1564139092074125e-11,8.712855040986148e-07
282,1.1323400997479236,0.004123623147637718,0.18415870737218093,9.606125807994028,6.357144394861171,0.8878962271344385,0.3393866170414771,0.00011301025471260744,4.293059590342988e-08,0.00011296732411670401
283,0.8151433609425253,0.00010469013750017977,0.12630150800424442,20.992011092639082,8.964966860275576,0.1820896912694404,0.30747110752104845,1.985067851868869e-06,1.673078157638638e-10,1.984900544053105e-06
284,1.1468195694046808,0.15249668128663108,0.07130473057400284,7.900339676246724,7.713527149171114,0.6843945622562054,0.5102401635964107,0.0009546565380155749,3.998164869002963e-05,0.0009146748893255453
285,1.3590644555211635,0.002112556689953128,0.1325690875874537,11.707780545736806,5.021624308791753,0.16478543488493114,0.9841278311444358,6.454046524154909e-05,2.0167398946723135e-10,6.454026356755963e-05
286,0.12810510900063657,0.0011439009846023953,0.06683471062069594,20.259464096106257,13.992827905443983,0.6695393840284043,0.8131004799241511,4.726546304475741e-05,3.1769750663933317e-05,1.5495712380824096e-05
287,1.4703857148253954,8.474187326853124e-05,0.1868949013516219,13.602287721179328,11.449074425151487,0.886383168920074,0.35624721579638563,7.121390617185986e-06,1.2758883701002028e-14,7.121390604427102e-06
288,1.058934507289878,0.10048118459118391,0.18884104350623648,2.136845077481126,1.0789417619073722,0.478150845446102,0.8329881208448902,0.01983317519285962,0.001807687882228607,0.01802548731063101
289,1.1088635389925978,0.061158911526710054,0.0058742623335941825,2.838999128920224,0.5456273151733063,0.564220067356045,0.7200422833690562,0.02563555549611626,0.0012176783143261804,0.02441787718179008
290,0.3004272885078722,0.08826192810571074,0.05649233099209532,14.587617301069573,11.297460341886937,0.23682213722904688,0.11116676198216269,0.005940741396050382,0.004030777582835095,0.0019099638132152874
291,0.45448699842150364,0.08662106988684518,0.04084690414459127,20.792742021050266,14.308704909015905,0.8525517396685903,0.13742066935582353,0.0032968942422956075,0.0007748568871686291,0.0025220373551269786
292,1.310814654007363,0.001651804815463018,0.040458015426550545,13.85381049497666,13.685491580271623,0.18057633596128608,0.46434659794774524,0.00047022577447028755,6.028158647756029e-10,0.0004702251716544228
293,1.1097158121003088,0.0009579339124101208,0.010340108033697337,10.288329221727647,8.693671657989817,0.7920698118331293,0.6642788112485656,0.0021915318898080376,2.5366035712145905e-07,0.0021912782294509162
294,1.231414568806706,1.0642604892732787e-06,0.18450295481260115,3.3089720313122393,1.1495203985363898,0.2376330622166991,0.023542332294871904,0.023054320069852634,1.9129670371832435e-09,0.023054318156885596
295,0.9911329262701679,0.0024718851552860558,0.16084629708081422,3.8291381958684734,0.16046469828517124,0.46927670654299425,0.18274981732404083,0.007134627267046876,1.914662049997336e-05,0.007115480646546902
296,0.4402595843192495,0.9362874805536956,0.04292515334215319,7.342307122022241,0.8038480032395761,0.08667347740388398,0.695640222150695,0.13571016310318446,0.10127579418926674,0.03443436891391771
297,1.0340688751572022,0.0019390795181408933,0.03651533420753057,19.112415823062552,0.15164657768186204,0.47066907542555914,0.9783395593701519,0.01262135551014977,5.51546400221904e-09,0.012621349994685768
298,0.5940788883620401,3.2460543340836452e-06,0.03221551386580233,18.641062782853595,14.777172682297309,0.8408400235984557,0.34642850584901685,0.0009401063871121324,1.3752608938138324e-08,0.0009400926345031942
299,0.61381600037709,1.9460849905959832e-06,0.16303757916870482,9.608921942608239,5.770212948483961,0.5291169368315665,0.023635626910240903,2.023424889439409e-06,4.903893486954058e-09,2.018520995952455e-06
300,1.363608556563347,6.268695978129955e-05,0.013455044244800063,3.0029631280237754,1.5529943281501322,0.2614188479042687,0.021031632841830405,0.07001822933125229,1.1263300694518351e-07,0.07001811669824534
301,0.6851040867991852,0.0025011001779858513,0.021187883977237344,16.17175422391434,14.150045776631385,0.12497504905007895,0.8882732580055686,0.003212722258618067,9.830493772132566e-06,0.0032028917648459342
302,0.49000867256646463,0.24985978480232435,0.14869095156349796,12.074381066274041,1.6479628268307358,0.8678140576529078,0.37231173432777254,0.0009975648106319152,0.0006478228843472013,0.00034974192628471385
303,0.5021722819440055,0.00013169705268141566,0.04461399692052823,23.856215016730523,20.447911799131624,0.09717338387714158,0.9420192999953515,0.0008234612886644568,3.16591078035803e-07,0.000823144697586421
304,1.349144259779676,0.0010945601040792416,0.15544106533700586,19.333625767942575,4.771437756894036,0.8516494815139708,0.08054236901300227,7.037833687600335e-07,1.82608678915833e-14,7.037833504991656e-07
305,0.5976784368811284,0.26482492732024404,0.053921957675672365,2.562422793067647,0.9466657198690506,0.4729491812078551,0.8801244758166171,0.07747372068508679,0.04401839504734492,0.03345532563774187
306,0.3379852014805673,1.0923375917523376e-05,0.026222474739306945,23.637596753447802,17.327492414474367,0.912901247449258,0.0017884217220095477,0.0019129572400761728,3.694657393496359e-07,0.001912587774336823
307,0.7561816088659707,0.04444702057555538,0.022538967427287494,13.266259382611622,8.772854093768395,0.6898953424051217,0.17811861950580976,0.0011290895501042853,0.0001739785962240942,0.0009551109538801911
308,0.6776690738068578,0.0005203077976890702,0.03802984237909497,23.589884781019215,5.358225809531759,0.011062415077327303,0.8583839987318299,0.000916810800952311,1.430058171714758e-07,0.0009166677951351395
309,1.490131033389718,0.0324306897707806,0.16693119810430138,17.564120052103114,1.1439560840001566,0.7932733928493637,0.25311099351074995,2.025883354228357e-08,2.899361367520275e-14,2.0258804548669896e-08
310,0.4697755037807527,2.167934568340195e-05,0.1464154931270715,5.804821934310983,1.1226043071794045,0.7076345864731668,0.15801869900901178,3.6914912716168313e-06,8.396466550129186e-07,2.851844616603913e-06
311,0.8550251154176293,4.966899572187705e-06,0.1783464016489983,11.020772985896533,7.489402842379253,0.9937136476315085,0.04830033277524248,0.000597559669677906,4.74661300464479e-10,0.0005975591950166055
312,1.2992879505147243,0.005662714041345934,0.058026156156828095,16.703806888066342,2.2445853229634487,0.7232828767124099,0.6520055538281393,8.326188153788999e-07,1.4391894813055595e-10,8.324748964307694e-07
313,1.4590625739845517,0.385645956908122,0.012370283784416581,18.142592802033256,12.749109033884702,0.10142511360740825,0.4943866951820507,9.872582061252684e-05,1.5279178513940993e-10,9.87256678207417e-05
314,0.26002921286944314,0.7367253458894735,0.1754977143260818,4.037668615932243,2.5264090008191404,0.14232138532823746,0.1983593616495417,0.08326308796115675,0.0728015399069704,0.010461548054186351
315,0.23331306277939853,1.6970721724216391e-06,0.0011219346036495548,9.583265653017166,3.2044040913779157,0.39480832377893227,0.25332636771283557,0.0002768944603822888,6.063282319222146e-07,0.00027628813215036657
316,0.8074131668582121,0.00023084791164159406,0.16947251755093734,6.660249831660733,4.529286752958645,0.32822666281331636,0.48616786984716875,0.0002220573159714202,7.389223608637512e-07,0.00022131839361055645
317,1.2639174849800319,0.00045270278863034227,0.00765205491869061,6.178933409829736,2.0405896839514064,0.2859971562422633,0.10030296130241811,0.0187877668001827,2.5184502432595016e-07,0.018787514955158374
318,0.990225893072306,0.3883775901758681,0.14919958267808606,23.03478288539892,6.014444697762391,0.022248416511983282,0.14353587555146052,8.786109215751882e-06,1.8394515927293028e-09,8.784269764159152e-06
319,0.2933783653614084,1.0449738553915917e-05,0.08984197359007554,0.8593567434994338,0.041347798353628964,0.45210479869345643,0.03193692884257482,0.08330540076622074,3.9549351914415366e-06,0.0833014458310293
320,0.8229623749483438,0.0012097961174527892,0.1348486313496266,16.674099556432306,5.693636214851386,0.5341472558916243,0.07158521601078882,6.723356702013473e-07,1.5026946939467405e-08,6.573087232618799e-07
321,1.2761873717512722,1.847626320193596e-05,0.14068558541851298,17.358484432368805,9.89649569005099,0.3079377005019761,0.3982188157014531,2.8263241093256495e-08,2.633828606638043e-14,2.8263214754970427e-08
322,0.8725838603327961,0.001178805315574553,0.1583128240848807,9.275555022861145,2.5424854673001684,0.9028653603380069,0.6326007281034546,0.00026376323935903105,4.7037373716866364e-07,0.00026329286562186237
323,0.49634785158770445,2.0322064504206785e-05,0.10118225621231472,2.875054904253736,1.3553248900882024,0.6446633464648373,0.8070762009581136,0.003337993754326413,3.103764925828259e-06,0.0033348899894005846
324,0.17331140473044415,7.602298511951523e-05,0.008762715913478592,24.742867597620922,18.175422299474395,0.9627088082016393,0.8411785548389704,0.001925218977960053,1.6500671477015664e-05,0.0019087183064830373
325,0.10444759224545895,1.2477245797034401e-05,0.055359326612971806,24.550506694219546,0.5480980305437569,0.7063972733498166,0.1818561298927206,3.55712474825397e-06,3.5623613107238125e-07,3.2008886171815884e-06
326,1.19275176516689,0.0001472542187297436,0.1488903302118809,24.988831825527814,7.053871815669744,0.5283304162016073,0.7556468208600327,2.4159856284049523e-11,8.372562944172498e-16,2.4159019027755105e-11
327,0.24141396627168601,0.00705646484619983,0.1861972374168666,5.610271525122284,5.241980155415654,0.08375192825171685,0.5574852900129658,0.00099429785830424,0.00034994275614668086,0.0006443551021575592
328,0.3204750361425259,0.02023964797803267,0.07890175865843929,6.352656854049539,3.7725623171157134,0.46672033980550864,0.30243779627665324,0.0027604010866636303,0.0024207387637882522,0.00033966232287537803
329,0.846647072894016,2.529282886115525e-06,0.03038673354766508,9.326418771224919,9.223001538695627,0.3105920545707007,0.9122354082969456,0.0008184470436010279,1.3525676295818027e-08,0.0008184335179247321
330,0.13983341235372032,0.0002660454305183146,0.07912317134076426,1.609919424616182,1.1186018373169269,0.07301452019376176,0.22453691649702412,0.0168201438121842,9.95265605509579e-05,0.016720617251633242
331,0.21707104060240012,0.008780732494047008,0.17823788241599026,8.671614316608458,6.146549730393488,0.7907435435550033,0.7276270432241909,0.0002523735252526116,0.0001552367583754118,9.713676687719982e-05
332,0.3472530944883697,0.06608730212098188,0.08272829356095675,20.051467864078475,9.468574880923025,0.9792164913221326,0.016686189245786354,0.001363376989214667,0.00031989655606214475,0.0010434804331525222
333,0.6074952308434112,0.0006315146962986839,0.17226105967137464,6.514433091466986,0.21164282855544592,0.042116162631313236,0.6034867570722314,1.2806532399234625e-05,7.034165068470297e-06,5.7723673307643285e-06
334,1.2409034830786156,0.23623819632813853,0.08400424621115513,4.878797355699431,0.3383159316521261,0.45287692742461627,0.09517071344426087,0.03466562502489087,0.00020175092698593826,0.03446387409790493
335,1.4845825068317602,3.9025838574005394e-05,0.14341215607125568,0.1985323713531061,0.0972896762504799,0.0029347431891941778,0.30661082427782416,0.3842647613482001,1.139914000735632e-07,0.3842646473568
336,0.9630160240613419,0.0028491833835168584,0.16733249323398003,23.731334701560904,20.7970848240546,0.20556794414800594,0.9226023399452725,4.2048274317640977e-08,6.264512774141948e-12,4.204200980486683e-08
337,0.613232111863681,0.03848541932351965,0.18540284985160588,20.5159177307358,8.975336022592597,0.7425728487892741,0.05100411364532409,2.6316645339970684e-06,1.5213505015903488e-07,2.4795294838380337e-06
338,0.37248932141448243,0.0030036369663603638,0.07176512307613699,3.421247804677318,1.9345282453499892,0.7587585300392887,0.4369498401618288,0.0027670667807496415,0.0006306078196889311,0.00213645896106071
339,1.1531273903377712,0.00020627143450853148,0.017547845655671846,16.054832315784793,7.911138816675229,0.3910168625098964,0.9742785535462092,5.1070605716570824e-05,6.929659830627247e-10,5.106991275058776e-05
340,0.1311945799059829,0.6980451051924941,0.15521290692969625,6.20514034995756,1.5599030629253818,0.051956453573177575,0.22479189297833757,0.04936595946969996,0.047385403341809504,0.0019805561278904565
341,1.2663925035697807,0.4657764603296535,0.1998815569829804,2.0181982130530867,1.8056708770097318,0.8398621391437425,0.226682251888764,0.06843022501836335,0.0022720425119929877,0.06615818250637036
342,0.30194654945262767,0.00018245542030884422,0.04975879744662253,22.82769241803442,1.1115261606926714,0.27619251164430636,0.8817369273452397,6.622689904161277e-06,3.0534502990666766e-06,3.5692396050946e-06
343,0.8294907962062871,0.3603695083958039,0.16199881109373038,8.639082436996926,7.881256061997234,0.4340686993677366,0.8288839301703717,0.0007160613003108563,0.0003024227411535149,0.0004136385591573414
344,0.4022111835357851,0.0012203330563805809,0.009844979655647457,4.8234886911833215,1.6845795341193741,0.2096588713206642,0.13157290268096633,0.006479544606729725,0.000319736884327453,0.0061598077224022715
345,0.597523337618332,1.8450664116395982e-05,0.1667576815481294,2.711815094256757,0.2135268668366043,0.29108744658259744,0.38666763142020744,0.0023651453334391317,1.5953585440310537e-06,0.002363549974895101
346,1.4517837430078466,0.0001966311663284665,0.09429269286309586,11.067871898696422,4.065108844933919,0.441612539647913,0.7104864436978808,1.8287030371757543e-06,9.983316821527381e-12,1.8286930538589328e-06
347,0.43962005426320927,0.19648564959907813,0.19398017467532913,9.313017599503361,2.5671443883014544,0.28197442941561834,0.7034204856986983,0.0012676993619290958,0.0008949260255067335,0.00037277333642236226
348,0.2469488897695986,0.0022284015706245763,0.11699896353886188,6.801726323556308,3.853109190054572,0.6930440197709573,0.34784149809848963,0.00036990317517361865,0.00017352876313507135,0.0001963744120385473
349,1.1793185432439592,3.393501976186323e-05,0.16279191424150963,18.95490741939299,3.2609573446605573,0.6232021952596507,0.9147023944807741,1.8198221069970989e-06,4.182867473563148e-14,1.819822065168424e-06
350,1.1558824862689485,1.0428788042024817e-06,0.1091367553606973,15.395866197261585,9.54302411672762,0.09429725157881663,0.20475673196174082,0.00015265795583119636,3.00331159095954e-13,0.0001526579555308652
351,0.8989090643176784,0.002020084080322031,0.057211601055096754,4.980089605385358,0.4443995988054456,0.9188971786189349,0.9470178765847226,0.03361626782169693,3.3771209417589626e-05,0.03358249661227934
352,0.7559313636211525,0.20918916049132577,0.04420571711559729,6.690225011709145,3.1110558128906627,0.6780313914172623,0.4797821175476352,0.011093434424971075,0.004955438366146862,0.006137996058824213
353,0.9272840651974216,0.004766809609094262,0.1552931185680504,24.03700762874862,8.471228431220075,0.5855776318572972,0.4112744657803924,4.533884190240287e-10,3.278667050010387e-11,4.206017485239248e-10
354,0.21659182732892984,0.0924435698397837,0.166311152881506,19.929712151413433,18.828515862216097,0.6574075697093943,0.6035836868832152,4.0577842862959916e-05,3.656930952763367e-05,4.008533335326247e-06
355,1.3698678446041648,0.0024592423706744308,0.09333344916354272,5.975924752119226,4.329006284358994,0.3137112050542984,0.41759996479144523,0.0009607584940949664,1.343390655421323e-07,0.0009606241550294242
356,1.1228396113558918,7.896945992413649e-06,0.04068823127015142,14.335901004924601,2.6544924029415067,0.27217004685893775,0.9854303176462543,0.00018030947879813875,6.817706894282317e-11,0.0001803094106210698
357,0.6104315455730266,0.0077334456164091705,0.17336761484092633,13.449078760409513,5.968485435572464,0.9851392993268102,0.2042205525272307,0.00013693940045830802,2.15897858605095e-06,0.00013478042187225708
358,1.4842642770863241,0.010641434501519264,0.17322290429869958,10.200662062009515,3.934302848116798,0.15352057213125136,0.4961276396609142,4.452992666713764e-06,1.0404681424777331e-10,4.4528886198995165e-06
359,0.23502960042754786,0.003815945012861272,0.03471870382235936,12.178498096346582,4.6098406748500205,0.7163524084582054,0.6257425722173572,0.0010267542455325487,0.000554230149489048,0.0004725240960435006
360,0.45430117941253767,2.4504439616064794e-06,0.17645150191458236,20.569034586847092,1.0010407812256248,0.6738030088219157,0.810430302566173,1.1605215586827134e-06,8.644362275583409e-11,1.1604351150599576e-06
361,0.245045931762265,0.2807772473257798,0.07917665264479529,22.843656350683666,6.136759139350237,0.681636678481931,0.7200576087506876,0.0021644301148414794,0.0017931260616195948,0.0003713040532218846
362,1.4177934040913298,0.025809264112028038,0.16118486890012568,8.280744933941866,5.071549781284352,0.6701273515555065,0.6449201556269608,5.011720695048329e-05,1.8588165616288368e-08,5.0098618784867e-05
363,0.49667885273437684,0.007689663120656519,0.12005969972775501,7.225077358361757,6.549480565526828,0.6572619374388297,0.7506710276240519,0.0006029920615856144,0.0002189937917681707,0.00038399826981744376
364,1.344836025590546,0.0017795932585640511,0.09014731546443051,24.665216994093104,8.716768674422784,0.47581601790624417,0.8365675907178096,6.134564174159863e-11,2.550395798641557e-15,6.134309134579998e-11
365,0.6302440837464283,1.0240501091354705e-05,0.06540149787537533,23.386113820745567,14.554147565700983,0.8352854955700977,0.8170355346812282,0.00010454707940969869,1.7549782939507322e-09,0.00010454532443140474
366,0.956849391630517,0.0020804717063612243,0.1144588916525645,21.364943118058783,13.805055680016961,0.039656937690080385,0.7411914932375835,1.94094779722591e-05,3.025670622172771e-10,1.940917540519688e-05
367,1.14976431195285,0.005227433398150846,0.18831928243342622,6.803044115931187,2.087024003908666,0.8955700598562676,0.6995957815684728,0.000726347343785443,6.029517416305274e-07,0.0007257443920438124
368,1.4364925672452584,0.0026125481648797727,0.08977191200470569,6.811449151532472,6.406595073316936,0.661675058354428,0.8312329869470287,0.0006226435962069264,1.8897388713211514e-08,0.0006226246988182132
369,0.44795927598357477,0.06874230870155174,0.14337959977316003,15.303893823157107,9.080791488175468,0.45371675296399505,0.9177927925794391,0.0001412713417733419,7.660697010544809e-05,6.466437166789382e-05
370,1.3024689576291906,0.0006509999200796832,0.040828888994103064,17.43160481071168,11.890396143957243,0.7580512945161946,0.24466060087332153,3.464449507508154e-06,1.5061463510894485e-11,3.4644344460446433e-06
371,0.527217273693725,0.102649151117511,0.03230588233132603,3.534898969235514,2.704946789386101,0.40438249241848756,0.5203423057653465,0.02666894150480341,0.018876043793700503,0.007792897711102906
372,1.0930770877189178,1.1252197333591287e-05,0.044140934555053746,13.240056132773942,4.189736931087999,0.986886840840057,0.7492900568613224,0.0013840895631865612,2.891865172974842e-10,0.0013840892740000438
373,0.13566996017219113,0.11100304990834245,0.011533315605089522,12.430565586225198,6.408051824305941,0.6741621424467092,0.10236739671003581,0.0387093889648253,0.036488272703775075,0.0022211162610502252
374,0.2931544699927654,0.00028402572148104714,0.05669243066851855,3.4088557440917704,0.8111656667265263,0.24167425686890065,0.3611073041408638,0.001625014994152,7.646046486151196e-05,0.0015485545292904881
375,1.1842453583314454,0.7025817594477572,0.07532125363598502,17.512878847682916,17.19720581309809,0.9522562586915263,0.0931674044197418,0.004404308939656711,6.519018550131403e-08,0.0044042437494712094
376,0.16096903838645324,0.0024632466991538564,0.19685713782164696,22.821381473682727,21.20563258034612,0.34206578628487694,0.5972323141740574,1.4931827625897832e-07,1.1190959572903438e-07,3.7408680529943945e-08
377,1.305441829399018,0.8154075919284258,0.15025338942221814,16.07544853478272,16.07285112371331,0.6752671963923169,0.8658986893264391,3.4517880239308366e-07,1.5820580741499925e-09,3.4359674431893366e-07
378,0.8241076980581167,0.017764624209285367,0.09499711737745198,23.343092556235437,6.384375732837228,0.4183800116564025,0.3731731101148211,1.3709804435858973e-07,2.718580701910217e-08,1.0991223733948756e-07
379,0.6432553968200219,0.07880521109663695,0.04232710698351816,24.38723787775999,22.571771167268153,0.06377003086952993,0.07914734070709217,0.0032854869903252764,2.446719690729048e-05,0.003261019793417986
380,1.0179899159082204,0.27997961279642003,0.08976737981454386,24.791177149740832,9.887651564010353,0.7905700841996091,0.25003029995106385,6.333463006147001e-07,3.469121022970535e-09,6.298771795917296e-07
381,0.3930669802629627,0.0011418489287752763,0.14791272713979206,5.720034190988942,5.146920349955909,0.3925349793019983,0.09400310536810286,0.00019778775489609095,5.7989138825802345e-05,0.0001397986160702886
382,1.220016145409179,3.0994972764613986e-05,0.08719578472712648,15.633463853632588,1.200512431172756,0.14425655951835303,0.3940789677747385,6.532401179763614e-07,4.187652861735048e-12,6.532359303234997e-07
383,1.0522354195476393,0.1879527529818778,0.05571509419245351,13.945385888368211,8.092490631925877,0.7082778193234162,0.1975917924488404,0.00013509377091010079,4.303332720127601e-06,0.0001307904381899732
384,1.3351348815689905,4.825751984001458e-05,0.08923567442869243,15.254686652160123,8.795630343437963,0.29717813900218726,0.508291754794518,3.4755517182068125e-07,7.219481821140147e-13,3.4755444987249916e-07
385,0.5307319779764302,4.759572660757511e-05,0.11543831738705235,16.24070923757739,13.447666925217185,0.9537060128010882,0.8042389471199708,0.00039925459262518404,4.4595815715906267e-08,0.0003992099968094681
386,0.6831108118657196,1.348484893887244e-05,0.09241417788609421,0.7168994550240015,0.6446710683447157,0.15442573768398593,0.6796629522372674,0.12936863471571922,3.0248145951787023e-06,0.12936560990112403
387,0.565405393228122,0.00842697488750061,0.10160106011492864,20.929002469582397,14.376794683522496,0.04330159376666454,0.46537582560218915,0.00012951568107944395,1.6450208412741592e-06,0.00012787066023816978
388,0.6781554979786785,1.60314482933069e-05,0.14556924034174354,19.190569769649972,9.401104835513443,0.9977192404900145,0.30936508114365446,2.5755972580237768e-05,2.606945549640526e-10,2.5755711885682805e-05
389,0.17059619667986853,0.05605375317022344,0.08299571494515756,15.601392029207616,13.091128946416813,0.775692986676545,0.5319897568152576,0.0018413703358633419,0.0016286429786341668,0.00021272735722917507
390,0.9143861569296307,2.4924940314967195e-06,0.14589061784502372,7.083727989700098,0.22151267695688628,0.8832111997410566,0.09132394247379305,0.0022793916813259926,3.7158829772963943e-09,0.0022793879654430154
391,0.6976694095791014,0.004744639666846331,0.12019424026799193,3.0804140520685617,2.1335885990679238,0.5001937276979839,0.3464945025801651,0.0016212640801448663,0.0003234705028399004,0.001297793577304966
392,0.4849248326598793,3.0651674716787604e-05,0.07364254840290223,5.018225670252994,1.289177113209351,0.7667497486976677,0.44038092652629357,0.0010147145321017445,3.2119820757188364e-06,0.0010115025500260257
393,1.368468668023083,0.026175705934570033,0.1805265466631827,8.398081723709865,5.038582012128059,0.9196673298930829,0.4947979285819868,0.00020743504733427887,3.103628921258342e-08,0.0002074040110450663
394,0.8141204454336904,0.9531442359447294,0.1814245512104366,17.45979733214057,11.440546517878252,0.200455004307731,0.4247182310596874,1.5296015760986e-05,1.6708376504307793e-06,1.3625178110555219e-05
395,1.0520775625562901,0.00022791913402285335,0.08079553006354441,7.51602134174156,7.369545847893274,0.27764290077274933,0.8688818263393246,0.0008777898680343178,1.8790988487090463e-07,0.0008776019581494469
396,0.7287214944312118,4.926030063232166e-05,0.02372751574431662,3.5213432500850024,0.17024053620198396,0.21832653539435998,0.34067655031957356,0.0051846130207949,4.7424268226092875e-06,0.00517987059397229
397,0.9965595442378429,3.812586110011144e-05,0.05635450856554465,0.47182736815613957,0.37645073281287605,0.6517343184836433,0.4741018626448379,0.23009943747426131,4.299316165835573e-06,0.23009513815809549
398,0.19972548644045368,4.086112370412333e-06,0.06109931879201547,9.717515412268533,3.02361660928811,0.6441553325830973,0.5820905427191202,0.00010349391898343994,4.934408002954431e-07,0.0001030004781831445
399,0.5060083717463804,0.20566602275705223,0.025910560348494174,13.959402829816971,6.555933257774015,0.4244389429163511,0.7697304037795963,0.01141545497862234,0.006636787801465418,0.004778667177156921
